注册账户,昵称,注册邮箱,密码,pincode
u_ej3hqunn,熊芒果,u_ej3hqunn@xxai.com,96oAvoYSD6h1,706009
u_4z1elmd8,夏の人魚,u_4z1elmd8@xxai.com,A8Ets5XYJ2DZ,387956
u_1lntqtgl,FoxPlayer,u_1lntqtgl@xxai.com,Gx41ckjRa5Tn,794378
u_9sdwyblc,顾秋水,u_9sdwyblc@xxai.com,9nbc2EQeAUJS,491587
u_cv9ybxsx,MorganTrue,u_cv9ybxsx@xxai.com,7Q1E6wzDjbce,39060
u_7uutf3uu,许芒果,u_7uutf3uu@xxai.com,J9qEhkWpykRJ,336884
u_76jvf8wp,めいさん,u_76jvf8wp@xxai.com,WgAYnjtJAmHH,688294
u_5k9unzut,月の旅人,u_5k9unzut@xxai.com,5iKMZjwakKaB,814462
u_dhlklpyq,SnowStar,u_dhlklpyq@xxai.com,WsPBAEXr2NHG,626842
u_e3t9cn2f,ひなたちゃん,u_e3t9cn2f@xxai.com,Hq5X4AjTeSuD,316666
u_cytiohj2,夏の住人,u_cytiohj2@xxai.com,DnZRsmxQFyKT,664518
u_c44pzrfc,梁深秋,u_c44pzrfc@xxai.com,LuRzZ1HHm6Aj,746505
u_2ir1hh6r,邓柠檬,u_2ir1hh6r@xxai.com,4riayyZAW2v8,252640
u_55n70c7b,徐绿野,u_55n70c7b@xxai.com,7rWgLS2t6UEQ,335102
u_2kqd1zve,虹の犬,u_2kqd1zve@xxai.com,WBHKa2tZrqiP,368295
u_2m11bpum,DawnFree,u_2m11bpum@xxai.com,7uSznM1tv1zv,691602
u_8bhb2g4t,春の守人,u_8bhb2g4t@xxai.com,TQ8pgRBY8xej,548254
u_cs4ktsuu,昼の住人,u_cs4ktsuu@xxai.com,XTvo4zL9FF3n,594157
u_4seohzdu,廖银河,u_4seohzdu@xxai.com,FyZTJ3rVitFC,968933
u_7ikzosc4,FinnLight,u_7ikzosc4@xxai.com,TQnhbBjoiaG8,493724
u_3iq9kx7g,あおいちゃん,u_3iq9kx7g@xxai.com,WLY2LnzvYrNx,916847
u_6yv3ng84,WolfSmith,u_6yv3ng84@xxai.com,YUipCoZAbjEK,341334
u_5wqipk83,LilyPlayer,u_5wqipk83@xxai.com,GfyEiTQF2QTE,237942
u_24kltluk,萧似锦,u_24kltluk@xxai.com,UPZq8N9AxuiT,570856
u_dideojpu,ElmWind,u_dideojpu@xxai.com,6Rvg7tnZoVGn,927908
u_cxgqt5k5,刘初晴,u_cxgqt5k5@xxai.com,JH3LS2hVmeMj,535
u_2gipmag2,顾春风,u_2gipmag2@xxai.com,JmpkTM2WzUKE,800894
u_bbx88j1p,熊雪舞,u_bbx88j1p@xxai.com,NPqpGh7KUuiU,178793
u_blixf6ua,はるかちゃん,u_blixf6ua@xxai.com,EzgB6J5s7APA,158315
u_9mvwq9jf,贺清欢,u_9mvwq9jf@xxai.com,Fk1nQus9N1kM,934494
u_efbggaa3,蜜柑,u_efbggaa3@xxai.com,GEYVT3X4wzav,470676
u_2mn6vlo4,StormKeeper,u_2mn6vlo4@xxai.com,SJNarxPYRdDq,564849
u_8e634zlm,LarkField,u_8e634zlm@xxai.com,EDNFiatHiLZx,70281
u_e6sx0e00,空の妖精,u_e6sx0e00@xxai.com,W9tJWgondk1y,296880
u_6h6tnytd,昼の子,u_6h6tnytd@xxai.com,7xkEuKBGKYDJ,777121
u_1d7w4rb5,沖縄住み,u_1d7w4rb5@xxai.com,BCNapTskkMuZ,47330
u_6vq9br62,康绿野,u_6vq9br62@xxai.com,VT8Du2tdyRg6,589900
u_7sdj8535,GentleFrog,u_7sdj8535@xxai.com,6ipAGGR2aqT2,432150
u_em0lhmrc,程烟雨,u_em0lhmrc@xxai.com,Xjvfey855iBS,189683
u_6szpcgbh,SkyCook,u_6szpcgbh@xxai.com,UzZWswxfn464,458099
u_1b8dad75,空の使者,u_1b8dad75@xxai.com,27SW2apXJB8v,264066
u_77zupdvv,RiverRiver,u_77zupdvv@xxai.com,4Kk7RbvsJyK6,9313
u_6jth2jbp,DawnStone,u_6jth2jbp@xxai.com,FBczxvH8nhz3,164374
u_10ni0ntb,森の子,u_10ni0ntb@xxai.com,5hfWdZcfK5pt,159777
u_7wl1mb7o,谢听雨,u_7wl1mb7o@xxai.com,KNQ41xE11zhV,590877
u_2qx7kxay,虹の住人,u_2qx7kxay@xxai.com,Uv71F7sdkaLD,922687
u_2mh7c3kg,史追光,u_2mh7c3kg@xxai.com,4NLWiifQPuEg,888836
u_36xj0tbp,陆荷叶,u_36xj0tbp@xxai.com,NAhtTkkxcXpD,158433
u_4ipcl8xe,MaxSwift,u_4ipcl8xe@xxai.com,G49BVSBeG6Mb,987232
u_71tkxiqp,花の王子,u_71tkxiqp@xxai.com,ArtG9Zv5YAiW,453205
u_bzaetdl5,さおりさん,u_bzaetdl5@xxai.com,SmNo28Udyffx,910835
u_1i98gjun,HopeMountain,u_1i98gjun@xxai.com,FhL2wLLbW7R6,183302
u_aa06qtd0,LarkSun,u_aa06qtd0@xxai.com,KnxsPWfZ3uhn,470991
u_b8wokuj1,王秋水,u_b8wokuj1@xxai.com,2dfR1RwmFDqh,359038
u_3kfh63ij,FierceRabbit,u_3kfh63ij@xxai.com,6o3u3KqAJTn6,157230
u_6l6gx9ba,GraceLight,u_6l6gx9ba@xxai.com,9nyNCSFEepU3,147456
u_8f4ea5y5,FaithField,u_8f4ea5y5@xxai.com,MV8iTCyZBNw8,707303
u_bwospmtc,常绿野,u_bwospmtc@xxai.com,HNNqN5d7ZGdY,165408
u_4y9uetvz,光の精,u_4y9uetvz@xxai.com,QrAzs9TiMU3X,786313
u_4a7ghqsq,余逐浪,u_4a7ghqsq@xxai.com,3f5v9TkPneWh,84357
u_9b44efz3,廖云起,u_9b44efz3@xxai.com,3Gv9kGp4s6Nk,983227
u_c9d85dbu,JordanPlayer,u_c9d85dbu@xxai.com,A2cAPumDzVXD,594407
u_2wsema14,昼の勇者,u_2wsema14@xxai.com,EDjgXANUMzq1,323493
u_5tdtt4k8,田素年,u_5tdtt4k8@xxai.com,5wySTE61XPwr,906606
u_6d02cibx,SnowCook,u_6d02cibx@xxai.com,L4DRQ9rV3spn,281349
u_38dbjdo4,黎明,u_38dbjdo4@xxai.com,DdaC5D8n7u1T,947241
u_8ut8p7sg,刘紫霞,u_8ut8p7sg@xxai.com,6bMSsT9gWNNb,642091
u_41omwrvp,夏の王子,u_41omwrvp@xxai.com,6ALZcaqFCUAv,526947
u_2190prd9,TaylorSun,u_2190prd9@xxai.com,Lc4SZH7h2zm6,323947
u_dzm5notl,春の住人,u_dzm5notl@xxai.com,2X7emXAoG9cM,361889
u_dal8fpft,李晚霞,u_dal8fpft@xxai.com,MeLGdghdbE6d,797971
u_p89ce121,余温柔,u_p89ce121@xxai.com,SYPuKwMQWySk,482222
u_20mr66k5,夏の使者,u_20mr66k5@xxai.com,31z2mPNnJhE5,270227
u_9q7jz6dh,Chill_Tiger,u_9q7jz6dh@xxai.com,LDGxn8jPavW2,60584
u_cmz9724n,韩飞花,u_cmz9724n@xxai.com,RrjpfBvhTXqG,528651
u_e82dxiau,徐烟雨,u_e82dxiau@xxai.com,Nju33LjAtHAi,382108
u_dvatyied,優しい風,u_dvatyied@xxai.com,2eEf1U7t4yMC,162933
u_7wlspmvp,Chill_Wolf,u_7wlspmvp@xxai.com,4BPh6J4TA7wt,713570
u_acsbppcs,文金风,u_acsbppcs@xxai.com,G528LuoZAv16,69839
u_2co5ohqi,常玉米,u_2co5ohqi@xxai.com,TKfVuXpu4T41,26984
u_6ivq7gvn,RileyDreamer,u_6ivq7gvn@xxai.com,361cysoJnPpE,943581
u_23iit961,李樱桃,u_23iit961@xxai.com,7KPEE64ivM24,512137
u_3xpisunq,赵流年,u_3xpisunq@xxai.com,HWYrLF51NRnZ,752165
u_e6betath,虹の賢者,u_e6betath@xxai.com,DoH6XF7Bq5HZ,814172
u_7jvju19l,胡梅香,u_7jvju19l@xxai.com,qADysZitbk7E,132818
u_6mgrveze,リン★,u_6mgrveze@xxai.com,Qw29ckTtchsU,216081
u_4hv0p86x,SweetDeer,u_4hv0p86x@xxai.com,4hsf3YmCSg1s,243326
u_ayvyepx7,范竹风,u_ayvyepx7@xxai.com,KBvSUWuMazdA,226056
u_291yh0fc,秋の賢者,u_291yh0fc@xxai.com,8C228Q2uLkCu,143619
u_6akuvkng,乔铁马,u_6akuvkng@xxai.com,Ra7fYbfZKgYt,366669
u_9sysmdc5,SageHunter,u_9sysmdc5@xxai.com,AELncfWtggC8,260542
u_dz1ivek7,赖暮色,u_dz1ivek7@xxai.com,SRvVga9eb1Nq,112045
u_61jx49rr,姚铜雀,u_61jx49rr@xxai.com,Fq7ZffgyNVDj,29237
u_50lli731,PearlKing,u_50lli731@xxai.com,HkaUG4y9Bwfw,71574
u_09jww5fp,こうた,u_09jww5fp@xxai.com,BJHPQd7rxd5C,642620
u_aj3v63f1,神戸好き,u_aj3v63f1@xxai.com,4jysbBT363za,971994
u_ct93p5dm,札幌っ子,u_ct93p5dm@xxai.com,9EcA7tGrw6ot,248658
u_10g69xve,万初晴,u_10g69xve@xxai.com,NYf1S3rKii1E,820185
u_9kdk23mq,黄怀远,u_9kdk23mq@xxai.com,PPdXbbiwiTkE,977753
u_5sf50ucu,潘紫霞,u_5sf50ucu@xxai.com,LXPdcm44nb9P,855847
u_2d0ypcd1,邓清风,u_2d0ypcd1@xxai.com,SWHqUm29nvki,598474
u_6pory0tj,罗小鹿,u_6pory0tj@xxai.com,3Q7g8trJFGLw,372866
u_1d9bwhh9,陆清风,u_1d9bwhh9@xxai.com,XTYhV4ewPgKd,748060
u_cwg1nqy1,雨音,u_cwg1nqy1@xxai.com,7EVoPUsoALR6,143560
u_8zc25l2u,星の旅人,u_8zc25l2u@xxai.com,EqwoNKQHMCus,418771
u_cr8a64s9,LunaBright,u_cr8a64s9@xxai.com,DUGA8oJBcxR4,170060
u_u3eeqfjc,毛追光,u_u3eeqfjc@xxai.com,W8Be8EbmaaKo,647042
u_6snrkcdb,HawkLight,u_6snrkcdb@xxai.com,VUpMjEHozBLm,733609
u_axyiyba6,RainyOwl,u_axyiyba6@xxai.com,JrqMaaVDigbK,288308
u_4a5rpehg,蔡凝霜,u_4a5rpehg@xxai.com,XaZYWsxUJCiM,934400
u_76yd4ib7,テツ,u_76yd4ib7@xxai.com,SAaDGfJeWbBf,736146
u_cwwm9g7v,邓糖果,u_cwwm9g7v@xxai.com,yrUNwuJsBF8q,841578
u_cmp5olex,卢紫霞,u_cmp5olex@xxai.com,Q4rfs5omRnvT,919937
u_1yn8edyc,OpalDreamer,u_1yn8edyc@xxai.com,TnyVUwK2YBSQ,736010
u_br0amaub,黎锦时,u_br0amaub@xxai.com,8PnMx2L3M77H,206825
u_eua3e6tw,空の人魚,u_eua3e6tw@xxai.com,LAM6GdYi5yjm,666591
u_cj1ytrtm,EvanOcean,u_cj1ytrtm@xxai.com,SuxHFEFbK9F8,980534
u_68rpb2jr,まいちゃん,u_68rpb2jr@xxai.com,7TQSdVdv8qbv,618295
u_252qi6ke,GraceStone,u_252qi6ke@xxai.com,CnX5QhYAT5nj,39394
u_6401dm3l,AshCloud,u_6401dm3l@xxai.com,UuUTryF3VoSn,782463
u_4v8r6ya7,范心动,u_4v8r6ya7@xxai.com,RKp94p99XeFA,528357
u_2qrdfrkn,CrazyRabbit,u_2qrdfrkn@xxai.com,6ok48MCqUfmm,313112
u_57wiub3r,CoralWind,u_57wiub3r@xxai.com,STwUTTBt4Xzy,519120
u_a1tz8g9r,吴菊韵,u_a1tz8g9r@xxai.com,YGbrGsQoTKXv,115157
u_2zyx8iy5,田星辰,u_2zyx8iy5@xxai.com,TjfwP7eqLUZQ,805573
u_a2ma63ms,DrewRider,u_a2ma63ms@xxai.com,Ffv8yHaL7Z7p,146837
u_7al89lv2,月の鳥,u_7al89lv2@xxai.com,DdN1PYx5AY77,943493
u_dx8q6mz2,ZoeQueen,u_dx8q6mz2@xxai.com,26KpkXiaBipK,27291
u_aydethrb,孟草莓,u_aydethrb@xxai.com,54zonwfoF7ht,644128
u_f39c3b3o,Lazy_Dog,u_f39c3b3o@xxai.com,Ecdp2RaCMgjc,575605
u_7j8kkflx,钟知秋,u_7j8kkflx@xxai.com,UPbkFm7qDyQq,504348
u_9t3z879o,余霜降,u_9t3z879o@xxai.com,S5FRidAYNfFj,869893
u_43y2v6om,冬の姫,u_43y2v6om@xxai.com,NP7Xh2pevrAT,81039
u_bdwbwp6r,夜の賢者,u_bdwbwp6r@xxai.com,8cBS9uCqwVWV,165990
u_1k77820m,乔花落,u_1k77820m@xxai.com,NeKx3KHygtsv,447076
u_9hqtk9f4,春の使者,u_9hqtk9f4@xxai.com,Dp85uRUEiTRa,380233
u_7aejbz4t,月の天使,u_7aejbz4t@xxai.com,VQbbNEkjvwTe,723832
u_47v7dgk4,SkySinger,u_47v7dgk4@xxai.com,BJdhh6iqj2kh,760866
u_9q580zv4,易素年,u_9q580zv4@xxai.com,2LP5p4M4FcxE,976560
u_9r17g0fr,林冬雪,u_9r17g0fr@xxai.com,8eLQf3AsiTGJ,207403
u_5mwe8b64,孙青云,u_5mwe8b64@xxai.com,3BeTGihwiNem,479377
u_8aplfio5,QuinnCloud,u_8aplfio5@xxai.com,PShYfsr1D6ef,446888
u_33q2ibgo,周思源,u_33q2ibgo@xxai.com,H3uXbcJ5SwHm,235867
u_35ratte7,光の騎士,u_35ratte7@xxai.com,XyoVT7dybsC5,423873
u_353wma9l,WolfStone,u_353wma9l@xxai.com,VT9ZqZDWTrAZ,319247
u_40ccj88w,OpalBrave,u_40ccj88w@xxai.com,5SDU9yXZhgTC,218028
u_coske6d1,煎餅,u_coske6d1@xxai.com,WT3w5d2NFN14,11443
u_3xlk4mnj,ツキ,u_3xlk4mnj@xxai.com,WGnG6BCayXYk,527485
u_8tzizjfh,常凌风,u_8tzizjfh@xxai.com,Qo8VCytdWVfd,132635
u_eubz3vr7,沖縄っ子,u_eubz3vr7@xxai.com,DJKKArmBiUHk,104353
u_7tdi3spn,刘近水,u_7tdi3spn@xxai.com,HZBSff5x8bxj,476374
u_6vxp7xea,李大白,u_6vxp7xea@xxai.com,ECptsVJidJcq,645898
u_x92hxu1g,VioletOcean,u_x92hxu1g@xxai.com,6AAyGu8ijTVi,566180
u_3lmeiigc,钱如初,u_3lmeiigc@xxai.com,7s9zLGaERpLe,133759
u_dic233f4,秋の魚,u_dic233f4@xxai.com,GfVxsJ7UN9sv,373987
u_6mdr3xaw,韩安然,u_6mdr3xaw@xxai.com,4NRoV5FTcgWX,805425
u_dbtdhyuo,大阪民,u_dbtdhyuo@xxai.com,59n9tGAzXqhZ,211497
u_ezhantoj,MiaLight,u_ezhantoj@xxai.com,7pahC7jvo2Yr,956566
u_emrbupko,VioletDancer,u_emrbupko@xxai.com,N6vEsGzJDR1D,310905
u_95uydlyn,DrewBrave,u_95uydlyn@xxai.com,7r6x1yvnS3vu,49264
u_el5k0f50,高温柔,u_el5k0f50@xxai.com,AJrErYKyaEAR,863380
u_89735fyx,RubyDark,u_89735fyx@xxai.com,Qyh12UfdycLY,393164
u_9idwj7d3,汪凝霜,u_9idwj7d3@xxai.com,Pcrx4JYE67oP,261374
u_87b6vs1q,阎柠檬,u_87b6vs1q@xxai.com,8Npx3tPYTuub,999070
u_687vz4x5,RainStar,u_687vz4x5@xxai.com,CMGJMdi9BreL,262871
u_ey2kyxr8,邵蓝莓,u_ey2kyxr8@xxai.com,UmojhQrfZ4Je,617337
u_6zfk19v5,雨の王子,u_6zfk19v5@xxai.com,,
u_9y7o4z5q,罗浅笑,u_9y7o4z5q@xxai.com,5VHHTQatgiVc,939040
u_e4oz2og9,FinnSmith,u_e4oz2og9@xxai.com,Dby6RqgdcrQp,963230
u_96dyfylz,StarBaker,u_96dyfylz@xxai.com,3vsVNDSX6puv,200675
u_eq39yzxc,郑叶飞,u_eq39yzxc@xxai.com,U8MBrTGa1Kca,549123
u_dtxbmxkf,福岡好き,u_dtxbmxkf@xxai.com,PuEHpjww5M8H,637180
u_b6e1gbj1,CalmBird,u_b6e1gbj1@xxai.com,8F11j599jqJY,869723
u_eap2z0or,Gentle_Wolf,u_eap2z0or@xxai.com,DtxS2JT2MpYp,980425
u_urjbex3u,胡寻欢,u_urjbex3u@xxai.com,14uJVQGVviQ3,274290
u_ds9adtbt,MapleWriter,u_ds9adtbt@xxai.com,DkQnPDLFYWv1,942641
u_ediml2ik,杜深秋,u_ediml2ik@xxai.com,JVjLfBMtY5hL,401691
u_4148g1gd,萧清欢,u_4148g1gd@xxai.com,BxS1tr7om3PS,300923
u_clka4sjt,CalmTiger,u_clka4sjt@xxai.com,RpBGwv8cfayV,611068
u_awlz1lhz,丁浅笑,u_awlz1lhz@xxai.com,URwNK9Fqj6Fm,1046
u_evpy4t66,尹夕阳,u_evpy4t66@xxai.com,2HmMUU7VcwV5,613628
u_a9vwszi6,CrazyWolf,u_a9vwszi6@xxai.com,UsatfyQFkb34,849471
u_1pa7pwi4,DarkLion,u_1pa7pwi4@xxai.com,TBfMjSbeQYdH,672181
u_2qp15n1f,MaxFisher,u_2qp15n1f@xxai.com,9WjkzdfimQYf,870973
u_byseqixt,文西瓜,u_byseqixt@xxai.com,JSfcpxXxhjm3,718847
u_epexvgj1,康云起,u_epexvgj1@xxai.com,L8fbLDFz6bKf,209351
u_bss1d2vh,光の魔女,u_bss1d2vh@xxai.com,EvMBMCUkcxLy,673614
u_drjp9x0b,MapleDreamer,u_drjp9x0b@xxai.com,KJi2gVJAzHSb,518318
u_why0spxt,太陽,u_why0spxt@xxai.com,MzzYJ9qD7Auv,571575
u_7qs029sk,罗金风,u_7qs029sk@xxai.com,4B2dsLMbgr64,1443
u_5rym9irx,カイ,u_5rym9irx@xxai.com,Up5NCsBn4MEg,285690
u_c1fsocho,杜小麦,u_c1fsocho@xxai.com,2mzWn1Pfp7pr,828759
u_6v0zjh5g,RileyWild,u_6v0zjh5g@xxai.com,BLiF2eSnTKru,629558
u_67u0ad4b,MorganDancer,u_67u0ad4b@xxai.com,2DQj1NfADsae,756086
u_9atnkiyt,CalmDuck,u_9atnkiyt@xxai.com,5XUZ5e4A65AU,820348
u_6szkene7,雷葡萄,u_6szkene7@xxai.com,GmjrsKPpndWF,973106
u_em14q9rq,夏葡萄,u_em14q9rq@xxai.com,EDarzuQfiwDY,629933
u_bp9vujk6,あおいさん,u_bp9vujk6@xxai.com,KYBqqgpXG2z2,687255
u_6k9egdxj,郝拾光,u_6k9egdxj@xxai.com,Ai2o5GmVvLfP,407212
u_bps85v22,FrostBold,u_bps85v22@xxai.com,6WVe2X8SFpxA,342526
u_9ik857cc,沖縄好き,u_9ik857cc@xxai.com,SvQ9XaNX99Sn,722513
u_2barh4ti,KaiHunter,u_2barh4ti@xxai.com,ALa8QKRV4HWu,632146
u_7k3zddbw,蔡红尘,u_7k3zddbw@xxai.com,H2uvf6n1vdFu,730390
u_dpsnrmkl,赖慕白,u_dpsnrmkl@xxai.com,V5UXdLE7YnBw,69514
u_6t46m86z,Warm_Panda,u_6t46m86z@xxai.com,PnnExU567iGo,994696
u_1cfy3le7,かえでちゃん,u_1cfy3le7@xxai.com,V3KVUzgR5w8n,842684
u_aprpb5pk,ゆいさん,u_aprpb5pk@xxai.com,W84XGXDELfwd,831442
u_bwsqby04,MapleKeeper,u_bwsqby04@xxai.com,MM6BfTMFnQXV,211583
u_8aykbxpf,空の王子,u_8aykbxpf@xxai.com,RqFo1E4potj4,424775
u_4r6lkt13,EmmaKnight,u_4r6lkt13@xxai.com,3wxMFx5RYwvp,532110
u_adgju8sg,LoneWolf,u_adgju8sg@xxai.com,X7evzReipPWq,911322
u_cxn5gqxz,JaceHunter,u_cxn5gqxz@xxai.com,TvgZZemGLk8B,953999
u_5l2p9rhm,赖云起,u_5l2p9rhm@xxai.com,VVix7QivGU35,257024
u_eo6joyy5,宋似锦,u_eo6joyy5@xxai.com,D2NDcbuEwF66,143329
u_b31s6874,秋の天使,u_b31s6874@xxai.com,RCi2gb6j54oe,231259
u_1qcc89s6,AriaPainter,u_1qcc89s6@xxai.com,AoTCw64Vq2TR,644442
u_di7h3ah5,CrystalSeeker,u_di7h3ah5@xxai.com,Verrzkwyg9Xo,544803
u_3sm7p1un,BrightFish,u_3sm7p1un@xxai.com,AUyeibikhGRV,517944
u_77arp1q7,戴冬雪,u_77arp1q7@xxai.com,GZkhTHEdKiqg,50296
u_62sxhe6q,夢の騎士,u_62sxhe6q@xxai.com,THsBqPvm9KrB,409943
u_4ngy86g6,つよし,u_4ngy86g6@xxai.com,Vsy4jTNnxXnz,283029
u_74sm4bn8,蔡凌风,u_74sm4bn8@xxai.com,PxxSCgrCqY81,414010
u_4h4beu38,史石桥,u_4h4beu38@xxai.com,AQG2qDPzpbif,725226
u_d6k589hv,TrailBlazer,u_d6k589hv@xxai.com,2tvEVTtZmwjB,640843
u_17a17zau,江追光,u_17a17zau@xxai.com,KDDF4Ebajbc5,157954
u_2c4uam90,霧の犬,u_2c4uam90@xxai.com,AZXegcG2k6ry,702805
u_p595d3ng,康葡萄,u_p595d3ng@xxai.com,GJt89ko81i9Z,457539
u_c5puotrj,PineDark,u_c5puotrj@xxai.com,32c4i1PC5xxg,366181
u_7zea9f91,ななさん,u_7zea9f91@xxai.com,6miUb6jof1WK,474797
u_8zxgo4js,Happy_Eagle,u_8zxgo4js@xxai.com,3RKcj91mm38C,991990
u_5jvh73ww,易寻欢,u_5jvh73ww@xxai.com,GeTMcd1G16Cw,629856
u_4duny25e,周松涛,u_4duny25e@xxai.com,TouZ5iB4RRvC,433762
u_epon8o4m,NovaWalker,u_epon8o4m@xxai.com,No9bARcQHXX6,352290
u_92ernpv9,邱思源,u_92ernpv9@xxai.com,JYmF4fWBGZjZ,712987
u_66o5z3w8,MiaWood,u_66o5z3w8@xxai.com,FQCUgotaDR4B,787878
u_daxfqnje,夢の天使,u_daxfqnje@xxai.com,5msEcvFHnFRG,594871
u_6zaq4vfg,范安然,u_6zaq4vfg@xxai.com,BsYUkVvpL2km,505355
u_c50da67d,花の賢者,u_c50da67d@xxai.com,SPSJZjEdgPSa,264519
u_2iu91ekc,LilyWalker,u_2iu91ekc@xxai.com,4uMpiaNz9rWd,401604
u_3k2e9zg8,陈冬雪,u_3k2e9zg8@xxai.com,LaN1dZNm9CCh,114049
u_ia8g42nj,傅碎玉,u_ia8g42nj@xxai.com,EUqGYW99mcph,970430
u_gbad7zfu,森の天使,u_gbad7zfu@xxai.com,UYAweHh7GZZL,317741
u_ay25raor,月の騎士,u_ay25raor@xxai.com,UaMMHPVpePmj,390150
u_3uk5hyy0,JoyKnight,u_3uk5hyy0@xxai.com,CA9k2oXj6jQ3,624357
u_cg8vl8qu,ShadowHill,u_cg8vl8qu@xxai.com,PVDtQ7VsUFTP,33104
u_8skiizer,OliveSwift,u_8skiizer@xxai.com,2XJkN9dsb7SG,949148
u_55zandrg,秋の住人,u_55zandrg@xxai.com,SPR8XRZL5wE3,883682
u_81j26oe4,钱大白,u_81j26oe4@xxai.com,WCrXdvHgkAf8,135114
u_bvn1ez29,龚大白,u_bvn1ez29@xxai.com,4fCwYFV4wP3r,660670
u_1b0zkyyp,阎清风,u_1b0zkyyp@xxai.com,9Vk3jBpNFbJ1,289500
u_89h9hihs,常思源,u_89h9hihs@xxai.com,DTpVLvg3iP5L,376071
u_1awfly4z,Warm_Whale,u_1awfly4z@xxai.com,C2aoX9tykWEL,217306
u_f1orluiq,CharlieKeeper,u_f1orluiq@xxai.com,2YLp1PaqC7R7,281650
u_228sezvu,蒋心动,u_228sezvu@xxai.com,7mjFZ3b6QUQs,974688
u_b5ow4usj,余惊鸿,u_b5ow4usj@xxai.com,PtgBiJwAEgSX,143340
u_6oljgon9,AshPlayer,u_6oljgon9@xxai.com,VqwwJi73fNbG,941356
u_9zw191m8,藤色,u_9zw191m8@xxai.com,4Gfpsdxg4JNr,432795
u_8guqv0cm,RavenSinger,u_8guqv0cm@xxai.com,8GVTCSV1Ko7H,761360
u_5pts83nm,沈樱桃,u_5pts83nm@xxai.com,58LJkzPHVhDm,199699
u_d81js6k9,赖深秋,u_d81js6k9@xxai.com,FBmZgPmtL7sd,478995
u_4kupmbhl,任带露,u_4kupmbhl@xxai.com,4UvDgbw9m9NP,862883
u_cbh2rekh,ことりちゃん,u_cbh2rekh@xxai.com,R4u6TnMvzS9t,674910
u_bigphs1j,谢玉米,u_bigphs1j@xxai.com,EsjHgoJUjzgg,251129
u_ej1fi4al,陈寻欢,u_ej1fi4al@xxai.com,RM5nNb2QRXN7,405574
u_7lf2vky4,JamieBrave,u_7lf2vky4@xxai.com,5jBuwma2T47q,946436
u_a17zkhxi,程金风,u_a17zkhxi@xxai.com,HQc6jwWRWjZw,209813
u_53tiwf0c,りんちゃん,u_53tiwf0c@xxai.com,2JqoTa4rQmLy,277
u_bz8r199y,戴月华,u_bz8r199y@xxai.com,GBTkuKBj12px,557217
u_9a51ako1,孙小麦,u_9a51ako1@xxai.com,6topwYi44R3u,768177
u_9gxatqjp,海の姫,u_9gxatqjp@xxai.com,85xMxxtvjGHN,987602
u_1jsl4ncv,PhoenixBright,u_1jsl4ncv@xxai.com,HP8u1rKmXZr6,48778
u_3mjfghz0,周拾光,u_3mjfghz0@xxai.com,BJWAbP47gFt5,821758
u_c9srrfhi,刘晴空,u_c9srrfhi@xxai.com,WmpH4UAoPQD5,133456
u_dvwmlky9,リン,u_dvwmlky9@xxai.com,JPV2Mitu8SSm,614559
u_7gsi0ril,薛海角,u_7gsi0ril@xxai.com,GDh5z4UwERkx,337965
u_8qanx9bb,竜胆,u_8qanx9bb@xxai.com,YbGoLEWUFafU,980370
u_9qdoytvb,冬の守人,u_9qdoytvb@xxai.com,LFfszDq5FgP3,306909
u_bh3ndnpj,SunnyBird,u_bh3ndnpj@xxai.com,PyebBgqTee8e,556106
u_19whejm2,WolfBold,u_19whejm2@xxai.com,EyXLdmPfabcy,24298
u_4qxywm3c,钟望月,u_4qxywm3c@xxai.com,8gi5aKFgMe1o,84086
u_422e5zuq,GraceLake,u_422e5zuq@xxai.com,QQ6GG5oiorZB,317907
u_6q99lx2e,金铁马,u_6q99lx2e@xxai.com,nc6WBHyFBcY2,47032
u_30x5990v,吴晚霞,u_30x5990v@xxai.com,KxGMoa2Zgu9L,752430
u_6w6naayi,ZoeSmith,u_6w6naayi@xxai.com,2TPnKc9Wy4o6,90921
u_55k2x56t,赵初晴,u_55k2x56t@xxai.com,UxLTkm95aLZr,808242
u_cbbhpkjb,夜の勇者,u_cbbhpkjb@xxai.com,ARSvMHAk7e4K,161750
u_6i5c2ivc,JamieHunter,u_6i5c2ivc@xxai.com,CMR5vfibJ6iN,559487
u_61d6ubdp,余春风,u_61d6ubdp@xxai.com,Vum4xfbqmcfR,445761
u_9t5qwbol,風月,u_9t5qwbol@xxai.com,TP36SvaBL7GF,825279
u_eh5ms690,吴怀远,u_eh5ms690@xxai.com,SfxSEV2DZFBP,703677
u_acv7cnon,BlazeTrue,u_acv7cnon@xxai.com,9YGMrqGrVtXz,82973
u_by73b4of,朝の精,u_by73b4of@xxai.com,KsqwAC6J4qmD,134973
u_5na2i4dp,武碎玉,u_5na2i4dp@xxai.com,8bkEPrH1xw4p,134837
u_3exut61p,侯银河,u_3exut61p@xxai.com,HykU1LxTbNyy,295880
u_5a3p14n0,叶奔雷,u_5a3p14n0@xxai.com,4xMJAB9hzvA8,303381
u_778cq3wv,LiamPainter,u_778cq3wv@xxai.com,6q24rE1Gw5Tf,131080
u_1cg95kqw,常大白,u_1cg95kqw@xxai.com,6qnbgYMKL1RJ,158312
u_9rrt1rok,黄踏雪,u_9rrt1rok@xxai.com,SZxGGyTZT5Vw,226779
u_d0ere8q2,GraceStar,u_d0ere8q2@xxai.com,SErDTiqAFfVM,690265
u_7cclwje9,不想上班的小羊,u_7cclwje9@xxai.com,XKRgyXPxcHU7,885972
u_9dzoxtr3,あかりさん,u_9dzoxtr3@xxai.com,7c1jUHTHQXPZ,883496
u_3fbzu1xf,CharlieHill,u_3fbzu1xf@xxai.com,GN9rE3rJwZTM,745935
u_884s6sgf,EvanMoon,u_884s6sgf@xxai.com,AZmuAxRDLyAe,826936
u_b0b2joen,朧月,u_b0b2joen@xxai.com,GEfjNABZthEj,396253
u_87nzk88l,乔竹风,u_87nzk88l@xxai.com,QDDDuyJ9D8Qi,168868
u_12gkrcmy,BirchWild,u_12gkrcmy@xxai.com,XLipaoUhf9ev,909109
u_csmnl5h6,MapleBright,u_csmnl5h6@xxai.com,QkL3ihwqHpRR,839784
u_2cxpodne,猫派,u_2cxpodne@xxai.com,TPK8nDGdLwuY,938312
u_3pp10x1u,RileyBold,u_3pp10x1u@xxai.com,SzE7PBY6dkyc,198623
u_cxff13i6,WillowDreamer,u_cxff13i6@xxai.com,KZPN9Gmzw4qv,105442
u_dfh7z1zb,昼の使者,u_dfh7z1zb@xxai.com,8TqdfchYPiTP,531650
u_275jm65v,孔若水,u_275jm65v@xxai.com,STsszpyCVfhT,478945
u_b6s7ts9p,京都好き,u_b6s7ts9p@xxai.com,J3BKNYCWwM9z,709621
u_eayqvcw2,唐流年,u_eayqvcw2@xxai.com,NRuwBJZVo3wA,723189
u_6bpuo87n,段小鹿,u_6bpuo87n@xxai.com,4hSLLJhLHhV8,687384
u_5c727jjw,夢の使者,u_5c727jjw@xxai.com,WKxDw9haNcjA,737599
u_pe812cze,モモ,u_pe812cze@xxai.com,JicBpaYFASux,214084
u_cjtrfcaw,陆金风,u_cjtrfcaw@xxai.com,FSdmQfS6Wh6e,291478
u_5qi3gv1i,LarkRider,u_5qi3gv1i@xxai.com,HxTTzKL2Bzws,356969
u_7vv0h84y,雨の兎,u_7vv0h84y@xxai.com,YU2KFnPXpTaj,316417
u_3vgvkufy,吕彩虹,u_3vgvkufy@xxai.com,RYZbr5LGdwee,724903
u_angencdi,董长安,u_angencdi@xxai.com,AnWjZsDEe6ez,485851
u_iwq9o90c,AspenHunter,u_iwq9o90c@xxai.com,pueK1rVgToUH,926081
u_8nzxqgm3,かおり,u_8nzxqgm3@xxai.com,NT6FTmanLiiT,118615
u_3paz1c1t,NoahWood,u_3paz1c1t@xxai.com,GJ38kzM7GRva,312433
u_9put8igq,石明月,u_9put8igq@xxai.com,7EYENkxCSD8e,247219
u_7lqbz0mh,PineBaker,u_7lqbz0mh@xxai.com,AmYKjQCtZ7SX,325024
u_5yi57qvn,曹怀远,u_5yi57qvn@xxai.com,VaJWLBVauxAp,101423
u_1kdyxluk,乔念旧,u_1kdyxluk@xxai.com,Hxx8mfCAXKvM,552706
u_1ussm7ws,雨の鳥,u_1ussm7ws@xxai.com,72wSrV8N8cXA,334580
u_4b5kc16r,马浅夏,u_4b5kc16r@xxai.com,Y4PDjcafZPam,690529
u_5r31x6b1,霧の姫,u_5r31x6b1@xxai.com,61XGpWhk2ETq,281013
u_f0duffvw,ZoeSky,u_f0duffvw@xxai.com,64Gyh8tMTrcD,976385
u_2khl20vy,にこにこ,u_2khl20vy@xxai.com,CuX5fhnUko36,274684
u_k69okadu,CedarPainter,u_k69okadu@xxai.com,BRcUcDnbdoqo,739188
u_922z46mk,森の旅人,u_922z46mk@xxai.com,3ikej69yGsSQ,192850
u_4ed00b9e,何锦时,u_4ed00b9e@xxai.com,VmWbu2ncjttC,358224
u_7ua1r092,BearHunter,u_7ua1r092@xxai.com,2MuN7ZPNN7LJ,642655
u_6dt7pxj6,文大白,u_6dt7pxj6@xxai.com,GXq1NaUS6CPh,188115
u_78itblj9,NovaRiver,u_78itblj9@xxai.com,3d1BGUAtB2Fk,897753
u_3a9juc8l,PearlRunner,u_3a9juc8l@xxai.com,XT1S5Rxkd8yS,185172
u_cngrg3d9,白鷺,u_cngrg3d9@xxai.com,DqZkShVZJV4E,977600
u_7i6lnv1w,奈良っ子,u_7i6lnv1w@xxai.com,9bdmYxa2CmSb,575871
u_70ershil,なな,u_70ershil@xxai.com,ByECRk4rG9S8,163867
u_etei6aau,絵描き,u_etei6aau@xxai.com,JQzA4H9XfjYJ,943429
u_bxmi4mro,RyanMaker,u_bxmi4mro@xxai.com,H4sy4n7djze7,647834
u_1fiv0ept,りこさん,u_1fiv0ept@xxai.com,7PbHAyHDf45W,741079
u_buqlciuc,鳳凰,u_buqlciuc@xxai.com,YF9sJsEDxVJt,536653
u_cxxbee8m,萩,u_cxxbee8m@xxai.com,WPdRwhuPLG21,362054
u_47livpw1,姜云起,u_47livpw1@xxai.com,TBZ76QnJjDhm,30797
u_bb0mxwqd,GraceBuilder,u_bb0mxwqd@xxai.com,DPNgwqTQuTRV,457752
u_kck79uq7,LunaFree,u_kck79uq7@xxai.com,X2PHxkaJh3hi,666627
u_3zcoo7u5,OliveCook,u_3zcoo7u5@xxai.com,Mc7YtY7YBKq8,188701
u_2u5e0qm9,常暮色,u_2u5e0qm9@xxai.com,Xzme4t2bo1sG,215565
u_7dvrpbf0,AmberSun,u_7dvrpbf0@xxai.com,BZJmkFqiMjxS,928802
u_546hhsjr,MaxSinger,u_546hhsjr@xxai.com,8vgj4B7e5JiJ,119708
u_66a8mg3f,風の賢者,u_66a8mg3f@xxai.com,pkP1hCiJWEQN,430605
u_9a38zqzs,MorganStar,u_9a38zqzs@xxai.com,5oobcTah5WSy,919175
u_3gxqgnae,MaxKeeper,u_3gxqgnae@xxai.com,RfCitiyyHxsY,15496
u_1svkk1q0,アオ★,u_1svkk1q0@xxai.com,L8eFxvfLq1ot,462955
u_efcmoedq,ふわふわ,u_efcmoedq@xxai.com,VDsKg3WtbdcH,292529
u_5nms9esw,小鱼在路上,u_5nms9esw@xxai.com,TEppoD7r3smq,626955
u_1moiny9t,朝の住人,u_1moiny9t@xxai.com,E7er4VUH781i,776931
u_do3am7dq,東京人,u_do3am7dq@xxai.com,W46rgdn8viNa,940348
u_918n9ktg,阳光灿烂,u_918n9ktg@xxai.com,DbUa6Ng2vLDa,674985
u_3cxox3hq,クロ,u_3cxox3hq@xxai.com,UYNXUmfQVSp4,66533
u_995hanyg,星の魔女,u_995hanyg@xxai.com,TCLj5iaXNV4v,443375
u_01xy7vaz,AveryRunner,u_01xy7vaz@xxai.com,PwC8VPNTiCKf,64524
u_2xdvpkh6,孙清欢,u_2xdvpkh6@xxai.com,3gubvW1CKsbn,377235
u_3l0awnzi,谭绿野,u_3l0awnzi@xxai.com,T5SnF8wUQ6iT,712767
u_1rj91nrv,StormyAnt,u_1rj91nrv@xxai.com,Sw4RpRW7T8he,9584
u_bwo2h4ns,笑う門,u_bwo2h4ns@xxai.com,PuP6CvLGnEXJ,226879
u_crgo7rne,昼の魚,u_crgo7rne@xxai.com,5fXvLAYroQKf,730930
u_bvmo5a6o,CharlieRiver,u_bvmo5a6o@xxai.com,b64NP8WNtDA1,311376
u_aei6t1wv,キン★,u_aei6t1wv@xxai.com,QqbFjaSGcuT9,834457
u_15d6vpxk,萧拾光,u_15d6vpxk@xxai.com,Y7urarrJ2rP7,439922
u_av6m59m2,風の妖精,u_av6m59m2@xxai.com,Y5f2ZdrhpkQ2,874214
u_1bwd3jej,曾夏雨,u_1bwd3jej@xxai.com,E4244y1VS2u1,345387
u_b09eyx1f,汤星辰,u_b09eyx1f@xxai.com,Dv9KifuTUqJZ,57821
u_c2grwk35,朱望月,u_c2grwk35@xxai.com,HSZ9QpQBSbtY,965997
u_2z3bofy5,石云起,u_2z3bofy5@xxai.com,9yHFCtF9VMS5,473997
u_4fq0s1ax,LarkStone,u_4fq0s1ax@xxai.com,Hsxt85nphD1Z,249748
u_ef6396ub,花の姫,u_ef6396ub@xxai.com,D6beE6GUUhqp,682391
u_cecn89lm,朱霜降,u_cecn89lm@xxai.com,AM6KL1axFBMt,378439
u_7lxaermb,StarCloud,u_7lxaermb@xxai.com,YFYuh3cMssMu,483336
u_7ozt5nu0,邱青云,u_7ozt5nu0@xxai.com,Viw1QugCRFCM,404659
u_9rfrs4iu,MaxField,u_9rfrs4iu@xxai.com,WohBTc5mdomy,780119
u_cfofn8ms,FinnDreamer,u_cfofn8ms@xxai.com,6fDdYxdHNmdn,711287
u_2jsi8tla,LunaField,u_2jsi8tla@xxai.com,DDRqtZUf5QwQ,969829
u_7agxb62h,SweetEagle,u_7agxb62h@xxai.com,4DRtD6ws3Bv4,115509
u_bmvz66q0,Gentle_Frog,u_bmvz66q0@xxai.com,7RDPauaz8SV7,494733
u_55by2wy7,BrookPlayer,u_55by2wy7@xxai.com,CjQHNEJrzEzB,621599
u_auvy0fav,许素年,u_auvy0fav@xxai.com,SpAFgzyVAXKM,115455
u_3sh5utev,NovaWood,u_3sh5utev@xxai.com,Uw6rR8kjw89o,450548
u_8aocgm0z,邹流年,u_8aocgm0z@xxai.com,CTymYLnQRouv,935031
u_2yhz5y7n,霧の妖精,u_2yhz5y7n@xxai.com,3gS8gZ5jKjsw,351984
u_7lts9u6y,光の守人,u_7lts9u6y@xxai.com,Vmau78zcL4wd,575278
u_1wcq9mf6,EvanDark,u_1wcq9mf6@xxai.com,FmMF8wHTJwzv,766907
u_dxr5ug22,風の住人,u_dxr5ug22@xxai.com,Gqi36VhR8mvg,486510
u_54y5gk3t,森の魚,u_54y5gk3t@xxai.com,BV9q8956biYx,852088
u_dicinuyu,谭如初,u_dicinuyu@xxai.com,4xpLEn9NoeNz,828945
u_9tlzht05,郑荷叶,u_9tlzht05@xxai.com,PhtYxADZg4DL,322986
u_bxvggsu4,DrewWind,u_bxvggsu4@xxai.com,HR5qeeMLc5AL,352117
u_5yh7bdwj,叶凝霜,u_5yh7bdwj@xxai.com,VtUgS2gvDbsT,81358
u_763y19qn,NovaSky,u_763y19qn@xxai.com,KbG9xxbcdG83,307152
u_1di21sqx,りこちゃん,u_1di21sqx@xxai.com,WVkBtRMoZBVh,78646
u_7aswqrxy,文兰心,u_7aswqrxy@xxai.com,U5dCvY5VqgyS,985536
u_96lh3ntf,花の騎士,u_96lh3ntf@xxai.com,AfTZL5pJCVSQ,432695
u_31fepoh1,马海角,u_31fepoh1@xxai.com,4q3aRvWeY7hN,290906
u_7mq19109,もふもふ,u_7mq19109@xxai.com,KAaiR5D6WhwY,413177
u_avx657kr,BrookBrave,u_avx657kr@xxai.com,7ML2JY87oxDF,939023
u_f3liyc1p,KaiOcean,u_f3liyc1p@xxai.com,meYP1yw1fi2j,884793
u_6o131lhb,WillowLight,u_6o131lhb@xxai.com,QdwFmyAzUKTW,2015
u_dxty4nk5,薛倾城,u_dxty4nk5@xxai.com,PUdPg8Xgv5Ps,399025
u_caukz8rz,朝の鳥,u_caukz8rz@xxai.com,NeoRzuLthTN4,540031
u_6s40aad8,朱清风,u_6s40aad8@xxai.com,3nUejCDK8xNf,260369
u_8csq5r5w,IvyBuilder,u_8csq5r5w@xxai.com,VFpu2RMZx4Rz,965970
u_9x3re5mw,阎兰心,u_9x3re5mw@xxai.com,ChVJzkixRTDw,652133
u_6njv63he,DawnLake,u_6njv63he@xxai.com,FwoXt4o9Mqvb,44701
u_922vu900,蔡惊鸿,u_922vu900@xxai.com,GFE3U23bGEMC,386867
u_c39iscp0,ひろし,u_c39iscp0@xxai.com,FD47iDNdhjTc,561445
u_nz79fffx,HopeFree,u_nz79fffx@xxai.com,DVtS5FY8mgnZ,270364
u_1zx335if,FierceTiger,u_1zx335if@xxai.com,XSHrQdNYUH4S,590593
u_34gm25de,雨の猫,u_34gm25de@xxai.com,DddmAb72BEtQ,743323
u_1oidikp1,星の犬,u_1oidikp1@xxai.com,Y3oKEvDR38U5,649202
u_gkcnlpmc,AmberKnight,u_gkcnlpmc@xxai.com,8m62EzbYqBry,467302
u_acrw7tq2,海の勇者,u_acrw7tq2@xxai.com,3BKa5xgi1WVK,244447
u_ahy26gou,钱流年,u_ahy26gou@xxai.com,LNNxASbWpLhh,923929
u_d8ta0bnf,郝念旧,u_d8ta0bnf@xxai.com,RnpFwvQ4PyHB,834794
u_cb1urgpo,VioletDark,u_cb1urgpo@xxai.com,2tsnRsq37Zkg,943787
u_9skihu85,FrostRiver,u_9skihu85@xxai.com,6itYbwiybYMV,484897
u_1p7t2fr1,PuzzleSolver,u_1p7t2fr1@xxai.com,87znV3aD3ifd,504693
u_1rf06wed,曹慕白,u_1rf06wed@xxai.com,QiL1Lr97ZvG6,747133
u_3x46gjk7,范晚霞,u_3x46gjk7@xxai.com,6TZbNJCB2Dph,664035
u_27hqv65t,IvyWood,u_27hqv65t@xxai.com,MpSDAfKXHZjZ,303527
u_8jj7xy84,LiamWalker,u_8jj7xy84@xxai.com,SaM67q9s5scy,491694
u_242b194f,光の魚,u_242b194f@xxai.com,SfKJgsxVKb3h,918944
u_1mk4kbyy,LeoCloud,u_1mk4kbyy@xxai.com,LDqBckxr9dxU,746557
u_1bp0jlg4,赖温柔,u_1bp0jlg4@xxai.com,CtTa6JiF1CVu,698188
u_d0uosjwe,蔡慕白,u_d0uosjwe@xxai.com,CoZnKKy6ZDZK,605147
u_bf60plep,易铁马,u_bf60plep@xxai.com,WE9XsGrajmnj,931239
u_7gvz88dm,FinnRider,u_7gvz88dm@xxai.com,4tEqoNYnDNys,402218
u_ebxrux31,郝葡萄,u_ebxrux31@xxai.com,6jRQhqddT13r,954858
u_9wr0y5l8,RiverBrave,u_9wr0y5l8@xxai.com,3mw5HeWq5jpe,164632
u_adxg64gd,Crazy_Bear,u_adxg64gd@xxai.com,KGdqE1218ubM,498087
u_3wvze1yl,花の精,u_3wvze1yl@xxai.com,TkuB8nptLgBJ,719614
u_3sbrz5oj,雪の天使,u_3sbrz5oj@xxai.com,6meg6X3B8vHc,364789
u_2dsvfisk,BrightShark,u_2dsvfisk@xxai.com,BfxK8dseSwCi,455209
u_5yyiefn8,HazelBold,u_5yyiefn8@xxai.com,KWvVapxb2WRo,135287
u_8ceecdmp,松竹梅,u_8ceecdmp@xxai.com,2DnsEJHS3GiC,816664
u_67oqga2c,風の騎士,u_67oqga2c@xxai.com,HvTpz6zrzKd3,513583
u_29krl5yb,LilyCook,u_29krl5yb@xxai.com,NDQ8Npvk97bG,365585
u_42plk9r8,Dark_Lion,u_42plk9r8@xxai.com,68QZ43gnDcp8,452559
u_8j7mglqu,夏の兎,u_8j7mglqu@xxai.com,UEvYCaFEaJwG,555444
u_dx219bau,谭竹风,u_dx219bau@xxai.com,FNV9WF3hTqH9,965968
u_23ycihqn,Gentle_Ant,u_23ycihqn@xxai.com,XymmMexJhYzR,940482
u_aafsyml2,光の兎,u_aafsyml2@xxai.com,PpLdnxKq96R9,260386
u_36q1xjoj,罗初晴,u_36q1xjoj@xxai.com,nN7dPnWK4eCz,964318
u_dsq2askl,雨の守人,u_dsq2askl@xxai.com,8bLdjJs5KupC,953447
u_candipxm,CrazyBird,u_candipxm@xxai.com,5BEjJWTG82tV,25508
u_aw7gk7gk,黄辰嘉,u_aw7gk7gk@xxai.com,Ub9fmK4JpSgG,505375
u_7blnc31t,HopeKnight,u_7blnc31t@xxai.com,Qp9jq34kGReQ,91295
u_cxm13hml,走る人,u_cxm13hml@xxai.com,Kb687FQzbZku,52250
u_3e900pn6,白初晴,u_3e900pn6@xxai.com,GtXJBzXKVoXX,703324
u_dlfdttgi,雨の魚,u_dlfdttgi@xxai.com,JkS9xMpFiGFr,226055
u_1yfukqid,HazelFire,u_1yfukqid@xxai.com,6wmAHZMphYuR,118007
u_c2i17rgo,LazyTiger,u_c2i17rgo@xxai.com,JJGjurYYhGG6,964786
u_845nvijk,读书笔记,u_845nvijk@xxai.com,PvjNq7mPMVRp,218757
u_athjckzb,曹凌风,u_athjckzb@xxai.com,8TqBdu2V3fQ8,509173
u_chqhxiy9,ゆうき,u_chqhxiy9@xxai.com,7SnFhJvXDTz4,404489
u_6vysbovy,袁思源,u_6vysbovy@xxai.com,JFz4BNJmcP9V,924867
u_8x2zb81n,星の猫,u_8x2zb81n@xxai.com,Hc1ijcV2ErkC,903742
u_5vsyehn3,傅夏雨,u_5vsyehn3@xxai.com,GgmiS5sB7u9t,244427
u_ai7ux4q6,汪梦回,u_ai7ux4q6@xxai.com,63LSaWtUhdgy,879241
u_3pfhhqmb,めいちゃん,u_3pfhhqmb@xxai.com,KoVcM6Boo4D1,864168
u_4ydy9pjg,春の旅人,u_4ydy9pjg@xxai.com,JnSG2DLxh3W1,830281
u_d0pfgswn,王梅香,u_d0pfgswn@xxai.com,7LqKRpUcJJu1,118966
u_5f32oku3,春の勇者,u_5f32oku3@xxai.com,4rvXriuw4CTP,503006
u_4ynfujq1,StormyOwl,u_4ynfujq1@xxai.com,6fQDj5yL4n2q,555374
u_c966onbk,RileyPainter,u_c966onbk@xxai.com,J2RoMMSKQcMQ,172948
u_49no7wwk,AveryFisher,u_49no7wwk@xxai.com,M76CLLdGN8Rx,514575
u_a6mznyef,龚玉龙,u_a6mznyef@xxai.com,QPqg3kaadyiS,187096
u_2pld7qz3,月の魚,u_2pld7qz3@xxai.com,QytGh8CubT9J,780878
u_9i8f7mep,ElmBaker,u_9i8f7mep@xxai.com,GAurGbRjUsfx,143085
u_d9ueasrz,冬の住人,u_d9ueasrz@xxai.com,PrWZGHC7vb4C,472134
u_85grrs18,熊樱桃,u_85grrs18@xxai.com,TdcrQVjqvxPC,331095
u_96anencv,夢の鳥,u_96anencv@xxai.com,Wn4S5YdCyEmV,261931
u_dselwbqv,徐葡萄,u_dselwbqv@xxai.com,Y7LLkPFL8bwY,254688
u_btr35b5e,風の王子,u_btr35b5e@xxai.com,x8rfaayXHp1W,165382
u_c9cr41uc,夢の魔女,u_c9cr41uc@xxai.com,HKjAegTyeqng,816490
u_8xarhceo,空の精,u_8xarhceo@xxai.com,7D1SysUbz9zS,306627
u_8pgr6oj9,史大白,u_8pgr6oj9@xxai.com,8kPUdbGr4C7S,174766
u_c1fm8p70,张惊鸿,u_c1fm8p70@xxai.com,CJKW83uTXyqw,795543
u_2fsbkqgo,侯海角,u_2fsbkqgo@xxai.com,AJUQwFhPjfaW,11012
u_526pvq03,海の天使,u_526pvq03@xxai.com,Qax4MNPxSwYo,891624
u_6lisvqw3,IvyMountain,u_6lisvqw3@xxai.com,QQqX9Gw9Ybpa,740474
u_22inb3qg,潘拾光,u_22inb3qg@xxai.com,XcerNzFk3V26,858240
u_c48mp996,三日月,u_c48mp996@xxai.com,NVWqhqK3DqC5,547470
u_6xd8orad,薛玉米,u_6xd8orad@xxai.com,KcpPH3T9ELw2,107768
u_cmyfqumr,FinnSwift,u_cmyfqumr@xxai.com,LSSfLBdJ5gs3,323664
u_6jy54j47,冬の子,u_6jy54j47@xxai.com,U9hBkFgiSoX3,501718
u_c7vlxrk4,Fierce_Panda,u_c7vlxrk4@xxai.com,JtPdLS78SqHg,966759
u_apngrvnk,ハル,u_apngrvnk@xxai.com,9AghoVZPZh9G,129398
u_9ivhal5h,AshRider,u_9ivhal5h@xxai.com,6bjAXggK4yCQ,118578
u_bc1uyi9e,汪海角,u_bc1uyi9e@xxai.com,WwdyX41nzWo3,636549
u_85ktdx1h,吴清欢,u_85ktdx1h@xxai.com,H4KywwApPFFu,940694
u_6jsvvd81,OpalPrince,u_6jsvvd81@xxai.com,2eCPLnAihDEd,166324
u_2oz1uv85,邵梅香,u_2oz1uv85@xxai.com,FoPh3TSj7w3S,157028
u_dabqv9h4,森の犬,u_dabqv9h4@xxai.com,8mhLRyUhbdJk,955719
u_1rtn7sfb,GentleLion,u_1rtn7sfb@xxai.com,HBYChLzXCtu7,610182
u_3wbn3kzd,LarkMoon,u_3wbn3kzd@xxai.com,My3MPLrXTvyw,888050
u_5sd16ecj,FaithRiver,u_5sd16ecj@xxai.com,A7bwbLG732ja,86441
u_762e4cag,AshHill,u_762e4cag@xxai.com,Nt2Wzxfvf3Em,302324
u_2r7loklb,森の騎士,u_2r7loklb@xxai.com,2u1tRyBBVmD7,327407
u_ayj7xaz9,潘蓝莓,u_ayj7xaz9@xxai.com,EFsw9o2CXbxx,272898
u_2mrkii6i,顾月华,u_2mrkii6i@xxai.com,PaSjaQn4q8wZ,885655
u_2cv4gg4c,GentleWolf,u_2cv4gg4c@xxai.com,SoZ2ubSrYT9o,728828
u_anba7cyh,汪似锦,u_anba7cyh@xxai.com,J3GzDJSHUPp2,416932
u_7kuj05ha,RavenLake,u_7kuj05ha@xxai.com,HwdGz54R6BrC,62571
u_5baqarmt,孟霜降,u_5baqarmt@xxai.com,Ei5u4J8KTJTz,584239
u_8lvr2pz6,彭稻花,u_8lvr2pz6@xxai.com,NnL8mNEBrBKz,920575
u_cel1wxoe,黄昏,u_cel1wxoe@xxai.com,3CNMFe4j5o43,440359
u_d2kddf84,袁星辰,u_d2kddf84@xxai.com,3XkkzQJPQK4b,891110
u_82chty06,JoyWalker,u_82chty06@xxai.com,LgwBQn6fzc7P,466069
u_ejxjlqz7,蒋草莓,u_ejxjlqz7@xxai.com,WaNhG8tEpa1X,60697
u_6wcs2f7k,何惊鸿,u_6wcs2f7k@xxai.com,Y2YVYJFkkbaM,5004
u_4de1hgs6,CoralFire,u_4de1hgs6@xxai.com,KnQfyxL3Nmf3,594112
u_2qeu44c2,朝の魔女,u_2qeu44c2@xxai.com,6kevaWa9VFu7,130840
u_5u5jyhoe,JaceSun,u_5u5jyhoe@xxai.com,FgmKjJpKxebB,371124
u_eue0ekti,MorganRider,u_eue0ekti@xxai.com,jSYbgVFAEALw,634629
u_80eg0xid,NoahPrince,u_80eg0xid@xxai.com,GVMs3Swe1zjH,949359
u_3spi8q6y,QuinnMoon,u_3spi8q6y@xxai.com,QqogPPndq1Fh,507759
u_evdyodoe,AspenDancer,u_evdyodoe@xxai.com,NUPPcw1sYVFa,453099
u_9vknhtl5,陈晚风,u_9vknhtl5@xxai.com,CcWoMEWYfrhk,164553
u_2n4ag2mr,RyanSmith,u_2n4ag2mr@xxai.com,T5HeUeVy5Gw7,496817
u_326l2cuk,周霜降,u_326l2cuk@xxai.com,5FyMsmaiHxRr,974583
u_4yg97ptk,段温柔,u_4yg97ptk@xxai.com,WgfjzEbwB3Zb,672394
u_86iay580,姚冬雪,u_86iay580@xxai.com,NgYSqR3sfC9m,224970
u_axgr20bc,AspenWind,u_axgr20bc@xxai.com,XiKi5MhJY3TC,76964
u_akotw6n7,珈琲時間,u_akotw6n7@xxai.com,QfT65B4wyMPu,855397
u_0g2jw83u,秋の姫,u_0g2jw83u@xxai.com,8SiXLZhzKH6v,276868
u_9fgluvwl,福岡住み,u_9fgluvwl@xxai.com,4KY8qNWa7e7D,62700
u_4cnpzq2l,邹玉龙,u_4cnpzq2l@xxai.com,5jsMoVXh7Jsp,900980
u_5spsso2a,康梅香,u_5spsso2a@xxai.com,ET2WF3gAJ8W9,399509
u_60lx0pfm,姚蓝莓,u_60lx0pfm@xxai.com,7tqC9HPGzhS5,451288
u_5guyz5mf,SamDancer,u_5guyz5mf@xxai.com,GLXWSv6GsRzL,929442
u_fp1vgksu,RiverSmith,u_fp1vgksu@xxai.com,GorkE1WA27st,923246
u_b4txqwmw,方大白,u_b4txqwmw@xxai.com,HegvVENGawVp,582066
u_4yt8bfja,朝の犬,u_4yt8bfja@xxai.com,5eVWUqTkhHTw,357892
u_8gpwwgse,SkyLight,u_8gpwwgse@xxai.com,7HQShfKxzk2Y,147758
u_5pi6e4lz,徐锦时,u_5pi6e4lz@xxai.com,J5WGweJGukvJ,695545
u_69ghfltk,MapleHill,u_69ghfltk@xxai.com,3uHohy3nsonv,771385
u_3nrksbeh,董锦时,u_3nrksbeh@xxai.com,GLC3yxK5RuYQ,737603
u_b0a7ubcd,StormWriter,u_b0a7ubcd@xxai.com,XbA6vJ6tkT3L,875591
u_8g64zfg7,WolfBaker,u_8g64zfg7@xxai.com,GYCHmNQp5tvZ,564810
u_acf359i9,光の使者,u_acf359i9@xxai.com,V3qdrcwTY7Cw,190463
u_f3xxd46i,雪の旅人,u_f3xxd46i@xxai.com,A7pgk7WZBkvv,450789
u_88cwp4yo,月の住人,u_88cwp4yo@xxai.com,N1QG48zci6LG,215240
u_66bsakbg,アキ,u_66bsakbg@xxai.com,WU787BttJLiy,658553
u_4rdvy4f3,ヤマ★,u_4rdvy4f3@xxai.com,XNwnFgjyQEok,462724
u_5s73urdp,TinyBird,u_5s73urdp@xxai.com,K69xWSA8qAxn,643902
u_5cf1ydtp,ゆうきちゃん,u_5cf1ydtp@xxai.com,KsCanFz1swRn,776291
u_bejnrz9x,銀河,u_bejnrz9x@xxai.com,L83iMhw65MUd,258756
u_4h0fa1ds,FinnKind,u_4h0fa1ds@xxai.com,HqpdjjjaHNiQ,259659
u_cthcanci,RileyCook,u_cthcanci@xxai.com,LrsZN3aWxQcx,555107
u_blg95t82,夜の騎士,u_blg95t82@xxai.com,NmxTgGErGo9i,632449
u_3rdo36dw,白念旧,u_3rdo36dw@xxai.com,PPVzMBWSvfji,662819
u_3uvpd290,RiverCloud,u_3uvpd290@xxai.com,BUdjcLcB5MP3,534013
u_aj2q3cxj,戴奔雷,u_aj2q3cxj@xxai.com,K3g8mPkZ3ecr,233438
u_esyqbszv,OliveBold,u_esyqbszv@xxai.com,Ahy4hVVK4sDE,852427
u_d8d6dgy0,QuinnHill,u_d8d6dgy0@xxai.com,NmurP3GZJVao,135257
u_c917dfss,任秋水,u_c917dfss@xxai.com,2EbP2DGvEAFB,185559
u_82vfkdsa,冬の魚,u_82vfkdsa@xxai.com,TF4ndkWJw5D2,673997
u_b74527ze,高浅夏,u_b74527ze@xxai.com,PnPbkBT4bkv4,250626
u_ecyenrii,尹菊韵,u_ecyenrii@xxai.com,8fGBcxbVXNxQ,707860
u_aintgrjv,侯稻花,u_aintgrjv@xxai.com,4yes41AYzonj,957256
u_4qf4dfq1,钟明月,u_4qf4dfq1@xxai.com,2tK9x41HLzZo,829089
u_7pci4dlm,薛红尘,u_7pci4dlm@xxai.com,GCpZyZeUHCzc,100861
u_6ly13wqq,IvyBold,u_6ly13wqq@xxai.com,4QJgtMKcUX6G,49151
u_1iia46m4,TinyBear,u_1iia46m4@xxai.com,5NfDKWdg6V9E,712369
u_4bg326dl,PineBrave,u_4bg326dl@xxai.com,HM25BAKXAW6i,305099
u_51fqhdlu,JordanKind,u_51fqhdlu@xxai.com,MmfAp43gLJ8F,542888
u_zijb5t6k,EmmaSeeker,u_zijb5t6k@xxai.com,35MR88Q8CByA,773646
u_1j0fls8w,韩青云,u_1j0fls8w@xxai.com,XbEF3ZN8g1wc,523290
u_2ouwte7i,RileyBaker,u_2ouwte7i@xxai.com,8GhYYgTVvDUR,435740
u_8fven95k,丁如初,u_8fven95k@xxai.com,TRBkSNyhUkz9,438586
u_dsdxi6vj,曹归途,u_dsdxi6vj@xxai.com,FNpVUKqGWAi3,904927
u_cmnqxa1j,TaylorFree,u_cmnqxa1j@xxai.com,U79wqvvkKXU1,176911
u_bqd9xs75,VioletHunter,u_bqd9xs75@xxai.com,AYEzD6PVon8F,369928
u_4tlnlr7b,SkyBuilder,u_4tlnlr7b@xxai.com,ExKAh4JQTEiz,336358
u_4n00ldax,LiamSmith,u_4n00ldax@xxai.com,Vy48bd9NMhZn,356223
u_aes4abij,唐西瓜,u_aes4abij@xxai.com,PQ8YxkqJnWTZ,427629
u_bjkxz8v9,苏海角,u_bjkxz8v9@xxai.com,48pvHDMHLU4M,621005
u_77vhwnsd,刘踏雪,u_77vhwnsd@xxai.com,TysC7grgvv7E,917789
u_bvvxnf1a,ZoeFree,u_bvvxnf1a@xxai.com,3Sz4Z6KMuLif,785873
u_6g7gk0sx,爱吃蛋糕的小狗,u_6g7gk0sx@xxai.com,TzSX1kbFVPwa,799321
u_9lel4n4q,易凝霜,u_9lel4n4q@xxai.com,2VJKKzYjuXHw,749530
u_4rylvrx0,毛紫霞,u_4rylvrx0@xxai.com,NwpfagXciX2W,773502
u_9plee552,夏松涛,u_9plee552@xxai.com,8R7saSCwNS55,321859
u_eiyymvp4,赖紫霞,u_eiyymvp4@xxai.com,44DHffCA3a7D,483777
u_9vpvxlzq,雷银河,u_9vpvxlzq@xxai.com,DkZTYHWbUPcU,463999
u_as6me78l,雪の猫,u_as6me78l@xxai.com,MwZZUHVPqj32,40974
u_b8m54tu0,BrightBear,u_b8m54tu0@xxai.com,YUQxjWoF9Aji,422852
u_8xnazcs5,沈天涯,u_8xnazcs5@xxai.com,7d2DZV6N6nQW,627147
u_envodugn,LazyLion,u_envodugn@xxai.com,XRrqLtq7pjKB,961511
u_f42zq8rb,Lazy_Duck,u_f42zq8rb@xxai.com,Tqugd5qAcrKf,517812
u_2dsszwgn,EagerBeaver,u_2dsszwgn@xxai.com,T56wBYPoEybk,406667
u_a1nrynnb,星の鳥,u_a1nrynnb@xxai.com,NummcYDPgkrS,162084
u_8kwx0ubn,爱吃蛋糕的小鹿,u_8kwx0ubn@xxai.com,GNkm1fJGYgFh,484828
u_5ia343r0,龚逐浪,u_5ia343r0@xxai.com,C66cVB9xYrw5,647541
u_4p1fcqgl,朝の騎士,u_4p1fcqgl@xxai.com,XVvwGxhqsou2,689471
u_eckdaahv,桜餅,u_eckdaahv@xxai.com,oriseQaJG5Rz,725832
u_67mo35q7,魏松涛,u_67mo35q7@xxai.com,LLq2NdFibwm4,166619
u_auhvffgm,康惊鸿,u_auhvffgm@xxai.com,D6YHc7E5ySAP,274546
u_cu5lhe3x,BearBrave,u_cu5lhe3x@xxai.com,AaZdQyLmg5Jn,348608
u_edxvicvb,程惊鸿,u_edxvicvb@xxai.com,3F7cDwEoMV9z,92239
u_26ymcg14,BirchBrave,u_26ymcg14@xxai.com,668Vwj3jm55Z,42629
u_5mu26gp6,黎流年,u_5mu26gp6@xxai.com,SgzomJHKVSNo,131202
u_7rb3vmse,海の妖精,u_7rb3vmse@xxai.com,LVo4qrUn7S97,74619
u_1o8g5qfk,みずきさん,u_1o8g5qfk@xxai.com,BU1tSnrK4hFD,71096
u_2ag7j3yv,雪の騎士,u_2ag7j3yv@xxai.com,M3zmCPNpNHUu,84501
u_3kucgc7b,崔冬雪,u_3kucgc7b@xxai.com,NdMwdH76uwJy,669635
u_erqd7v04,IrisBright,u_erqd7v04@xxai.com,Ttkusp9bYrrk,947585
u_41w6ohfg,傅铜雀,u_41w6ohfg@xxai.com,STSqxyBnHEfX,483031
u_8yoas5ue,田长安,u_8yoas5ue@xxai.com,WzyKfFj1zHEJ,591775
u_dwdte1x4,みくさん,u_dwdte1x4@xxai.com,4YuSRnB93zuv,188713
u_50aa6lb1,MorganBrave,u_50aa6lb1@xxai.com,3HArH242gLNp,844705
u_8423iz58,空の守人,u_8423iz58@xxai.com,TXhkGLKfx9ot,67211
u_bzlgk54z,月の精,u_bzlgk54z@xxai.com,G7zCsZhN2fPw,554301
u_dpqfn2zs,邓锦时,u_dpqfn2zs@xxai.com,MfjNZtep94QT,977890
u_cgf3oe7a,虹の魔女,u_cgf3oe7a@xxai.com,4UFNf8uxuS3w,45694
u_dbp64l1b,PearlBright,u_dbp64l1b@xxai.com,KS67s7Uqvjoh,499996
u_e6ibvaie,CharlieDreamer,u_e6ibvaie@xxai.com,ReWLbiKVurDX,593706
u_2cs9t5g2,LarkFisher,u_2cs9t5g2@xxai.com,Dn5CLYqVb3gz,378299
u_5o4j3xdw,钟归途,u_5o4j3xdw@xxai.com,LCNPrANH3RYx,508507
u_1qu91tzt,爱吃寿司的小鸟,u_1qu91tzt@xxai.com,Xk7R6GX2Ty1E,425942
u_55ssoq1s,CaseyWild,u_55ssoq1s@xxai.com,LvpsArdSwsST,353855
u_2zotx4z7,HopeDancer,u_2zotx4z7@xxai.com,VaUcoK76QFDL,825482
u_7gigfrqx,ももさん,u_7gigfrqx@xxai.com,Ao959XGwY6VQ,300368
u_bzx6406j,霧の住人,u_bzx6406j@xxai.com,PGqENypjozZQ,671711
u_a6xhf79n,程花落,u_a6xhf79n@xxai.com,Qx4JfKYR7MBn,409835
u_eda1tx0t,汤远山,u_eda1tx0t@xxai.com,W9NvEGuNFVCj,81489
u_3hhs1hs6,赵糖果,u_3hhs1hs6@xxai.com,EAXVrDePeRkT,718352
u_2qas35ws,KaiSinger,u_2qas35ws@xxai.com,YGvAGJkGLbti,404575
u_aiwf81l7,贾葡萄,u_aiwf81l7@xxai.com,6DoUPmJm96MN,834643
u_2xw987kd,FoxCloud,u_2xw987kd@xxai.com,B2anvqMNVtVY,370210
u_lcavmp1s,SamBaker,u_lcavmp1s@xxai.com,CnoVu98aU6vD,794562
u_bmhqr9lq,夢の人魚,u_bmhqr9lq@xxai.com,LrniNHAioRCr,882360
u_6qcoy89v,FinnHill,u_6qcoy89v@xxai.com,ExPeE5FxEpxz,422488
u_83r5t7eb,OpalSwift,u_83r5t7eb@xxai.com,4HEnFPVkyqFq,227065
u_eo6tscuj,雨の子,u_eo6tscuj@xxai.com,Sf2H3DgFejdx,720489
u_84eou3aj,CalmCat,u_84eou3aj@xxai.com,FdWaN6arHWSq,241636
u_e4bqi53w,叶晚霞,u_e4bqi53w@xxai.com,9akweVb6hyrE,722037
u_f4nhsxp4,虹の人魚,u_f4nhsxp4@xxai.com,Cg6Akcro1hfd,452974
u_8b7vkut6,CharliePlayer,u_8b7vkut6@xxai.com,UWM7UFWrN3vG,188511
u_8dppcr9p,ShadowQueen,u_8dppcr9p@xxai.com,KgaqMcvh8SwY,158291
u_e9pzjd63,袁糖果,u_e9pzjd63@xxai.com,SHBbq8KpJPGP,212860
u_9ey6yfmi,EmmaRiver,u_9ey6yfmi@xxai.com,LnYg7cZvTehu,57331
u_8quqqqgn,邵莲语,u_8quqqqgn@xxai.com,QP8cdwZXN2vo,851638
u_25let7zg,顾近水,u_25let7zg@xxai.com,XLd9KTFSsmvA,518122
u_1gq5psfg,JaceStone,u_1gq5psfg@xxai.com,tyqvERk4PhzD,886718
u_497aqgni,黎浅夏,u_497aqgni@xxai.com,MRXwnNbM15XP,70715
u_85jy4ohq,彭拾光,u_85jy4ohq@xxai.com,SKnhTdVu2mwh,940766
u_5e0avd26,陈梦回,u_5e0avd26@xxai.com,GBZcquRuon2v,903497
u_am70hnwb,韩清欢,u_am70hnwb@xxai.com,QtbEkThcouHf,595915
u_6qf4iarm,张寻欢,u_6qf4iarm@xxai.com,7dLkXdx7ryDu,906745
u_4m32h6gg,LilyDark,u_4m32h6gg@xxai.com,2iemVQdHttoL,389141
u_1gx8ibhj,杜竹风,u_1gx8ibhj@xxai.com,Fd8NYfymsPuG,292614
u_5vhndokn,白映雪,u_5vhndokn@xxai.com,9C3jJVmBVus2,217521
u_1kj5ol05,JaceMoon,u_1kj5ol05@xxai.com,HPZLyfMZmMNP,402370
u_2jjzop70,DawnHunter,u_2jjzop70@xxai.com,6ebmjgtGUAdU,158660
u_996a3i4z,于奔雷,u_996a3i4z@xxai.com,C8gNVbrbBYuT,305539
u_73fgvmee,胡莲语,u_73fgvmee@xxai.com,D3eGL695y7NH,485585
u_amu39e13,IvyRider,u_amu39e13@xxai.com,SeN1hpcUfj2i,675273
u_1p5vnzgx,AshTrue,u_1p5vnzgx@xxai.com,QguoWWAf7VqY,477242
u_f3plb4a7,FaithWood,u_f3plb4a7@xxai.com,RfmV9oDj6bCC,620948
u_5osri4by,郭流年,u_5osri4by@xxai.com,V8LoN6ZAUmpU,5987
u_8r6o3nii,花の妖精,u_8r6o3nii@xxai.com,NQQevbkqCEtY,322847
u_a67o4pjn,CrystalRider,u_a67o4pjn@xxai.com,NAHHxXKJ7z1e,519425
u_c1251ts4,PineHill,u_c1251ts4@xxai.com,3ap3DjfyjmdG,116233
u_63lo9euw,陈石桥,u_63lo9euw@xxai.com,8aX9Utj8api2,129842
u_17sfctdv,LunaKing,u_17sfctdv@xxai.com,HoXPnCfYMGFr,351660
u_8qjzk9tv,ウミ,u_8qjzk9tv@xxai.com,42PARdwQX7hb,911764
u_3jtd48z3,WillowQueen,u_3jtd48z3@xxai.com,UzM1peTYVgTm,162468
u_c7m19wak,秋の妖精,u_c7m19wak@xxai.com,DwZ2oAeYYyy6,972898
u_98vxmrdv,FrostLight,u_98vxmrdv@xxai.com,K3c1mZJGs7dB,251450
u_815iqoob,蒋玉米,u_815iqoob@xxai.com,D6e93aVnjU4m,395913
u_9nk7foj5,陆梦回,u_9nk7foj5@xxai.com,SDaWBsgLr6ZR,624699
u_a58foed4,顾初晴,u_a58foed4@xxai.com,9TPkda9WrKK4,776806
u_dyan159s,徐凌风,u_dyan159s@xxai.com,NMxzshgvwwhE,768002
u_cncxl1hu,Lazy_Rabbit,u_cncxl1hu@xxai.com,3kXo6sE6Tg5k,973636
u_8y3cg649,阎长安,u_8y3cg649@xxai.com,VAJ3jZ2cK8vJ,570
u_7s58vbrt,EvanWild,u_7s58vbrt@xxai.com,6bizqvF4yinF,762996
u_557b2rpg,贺远山,u_557b2rpg@xxai.com,Db9cUb2KnUoB,97776
u_917e8s95,江湖夜雨,u_917e8s95@xxai.com,QQ7sfbYNC4WZ,815396
u_3hs80q1w,江流年,u_3hs80q1w@xxai.com,6tAy8f7jvbPw,707460
u_6avttpik,王夏雨,u_6avttpik@xxai.com,W2fXTezU2Uxd,353691
u_aq2t0e03,星の精,u_aq2t0e03@xxai.com,HHY5vEH9TbrA,534219
u_b97a2g5t,本の虫,u_b97a2g5t@xxai.com,MYN8GpwnVEVi,848081
u_8b53exr0,万暮色,u_8b53exr0@xxai.com,LS89ksaj91ow,163427
u_85wasxj6,BlazeFire,u_85wasxj6@xxai.com,PDYhGRMPkEwL,122087
u_7i27gzsn,史彩虹,u_7i27gzsn@xxai.com,GYYGj8YXwY3t,696799
u_491qlxtr,马慕白,u_491qlxtr@xxai.com,78qgPCXYrFxC,605280
u_3moul6jg,廖追光,u_3moul6jg@xxai.com,NVLrx69AkGx4,74690
u_2b8es206,JamieSun,u_2b8es206@xxai.com,YUcYTRxkgV3L,68947
u_dll79rfn,Windy_Fish,u_dll79rfn@xxai.com,RvEm6HTsehRU,860718
u_17ry40hu,黄兰心,u_17ry40hu@xxai.com,8LUkQwusQPvb,993097
u_f5fl4ndo,QuinnLake,u_f5fl4ndo@xxai.com,Eyn1fAJKbdPd,315215
u_dt9ma7g1,SkyWood,u_dt9ma7g1@xxai.com,4Tw4nzMWxG8z,757161
u_77her7wf,朱菊韵,u_77her7wf@xxai.com,VYFEv48dbpHF,537128
u_b0exc7fp,CharlieSeeker,u_b0exc7fp@xxai.com,4kiLpM46ps9G,89074
u_9xb24l3z,汤安然,u_9xb24l3z@xxai.com,34azrcti4Ssf,61768
u_80fviijb,CrazyDeer,u_80fviijb@xxai.com,SvH8WauSqPnT,6672
u_ejtqttiz,马芒果,u_ejtqttiz@xxai.com,6Ke99kgE6QFJ,645622
u_7iq3sz6u,孟春风,u_7iq3sz6u@xxai.com,RUjwgFLEjyav,831230
u_88dpig94,DawnLight,u_88dpig94@xxai.com,7KWL1x28afB1,881441
u_f0xpadq8,空の鳥,u_f0xpadq8@xxai.com,N1Me8Gj5vkEH,770987
u_dv2ylnat,乔彩虹,u_dv2ylnat@xxai.com,BkBWwygkr9E6,766463
u_dsqw5ls7,BirchMoon,u_dsqw5ls7@xxai.com,XgHjeRXn3PwM,256622
u_50quc9sl,夕焼,u_50quc9sl@xxai.com,3sQS9n3GXbYs,741899
u_4q2xi5w9,BrightFox,u_4q2xi5w9@xxai.com,4stx3du8jcQx,935209
u_6v274pze,RiverBold,u_6v274pze@xxai.com,XUYA9KHrMu2B,474680
u_e2fczctv,RubyLake,u_e2fczctv@xxai.com,YLmyBLAJoN1X,323048
u_3pre343p,段素年,u_3pre343p@xxai.com,7pRajKGeQUSt,172063
u_dk26p02k,OliveField,u_dk26p02k@xxai.com,UZSFJt1TKdVV,174433
u_1azn7lk0,傅浅夏,u_1azn7lk0@xxai.com,QZqdBbgZrBc5,856301
u_3xf40wu3,NovaKind,u_3xf40wu3@xxai.com,6iPNuwVeLpRL,688775
u_38nbw35p,贾似锦,u_38nbw35p@xxai.com,FscecZypoDQg,600408
u_68cr9y6w,空の子,u_68cr9y6w@xxai.com,UasxJ5M3QnJK,486838
u_8khlozft,空の姫,u_8khlozft@xxai.com,5Jsus2VaMTeB,18332
u_d71p6ip8,風の姫,u_d71p6ip8@xxai.com,DoUSmLPuvJMC,511274
u_7zjcgt4g,李竹风,u_7zjcgt4g@xxai.com,Cs8jXKqsAtw8,99750
u_a2wlrqso,春の精,u_a2wlrqso@xxai.com,8JUKZrLjPX4e,105842
u_a95gty5k,HazelWood,u_a95gty5k@xxai.com,6ZP4TWQ6JUEv,831224
u_4rzhfqk4,夏夏雨,u_4rzhfqk4@xxai.com,XVRweEzt4Ewx,488621
u_f0mgv5on,韩近水,u_f0mgv5on@xxai.com,W92rvXPBxNEP,763265
u_91j7sby3,苏金风,u_91j7sby3@xxai.com,U48KJ7sdjBzj,884177
u_bhz7irg3,秦半夏,u_bhz7irg3@xxai.com,PZen5kPtei8i,809461
u_f2oo4q35,FernBright,u_f2oo4q35@xxai.com,Fax9Kei3hjZZ,651348
u_7d8nigbv,丁若水,u_7d8nigbv@xxai.com,KC31UAuXuFEa,348617
u_6d7aib43,金色,u_6d7aib43@xxai.com,5GUVgF3S9VsY,728375
u_egwtbsoa,CedarSmith,u_egwtbsoa@xxai.com,V37jvKMd6QtE,55034
u_b9zy2aqu,卢日暮,u_b9zy2aqu@xxai.com,8eGqkD3LrpxR,771238
u_3khj9rts,かえでさん,u_3khj9rts@xxai.com,UMnR6zcntK1C,400749
u_3ihtknct,汪晴空,u_3ihtknct@xxai.com,3b5v4uxc5rcy,642573
u_ex68rg1d,郝小麦,u_ex68rg1d@xxai.com,XYpPYgZCUmjf,559245
u_8hw0ye30,StarWriter,u_8hw0ye30@xxai.com,VyehhYqXFJrC,173056
u_a9jpokgj,あおい,u_a9jpokgj@xxai.com,2pt6PhrywhDV,900889
u_94kl17v1,胡慕白,u_94kl17v1@xxai.com,7todWrUVJoRe,606975
u_3k29h2vg,秦红尘,u_3k29h2vg@xxai.com,AZ3RbJQbeHdU,903631
u_3zg5uwbh,紫紺,u_3zg5uwbh@xxai.com,PBFtcnYDJPpU,933207
u_10tlzem0,大阪好き,u_10tlzem0@xxai.com,JFf8N6a5n4Qz,367399
u_6078h9o6,万远山,u_6078h9o6@xxai.com,8zBD52VQgnQY,16083
u_a0y0tj05,姚朝露,u_a0y0tj05@xxai.com,UvjfafCpoPF8,939919
u_1xmwoytm,LilyQueen,u_1xmwoytm@xxai.com,EyPuHky7EsaC,523392
u_6dg9lhzp,PearlKnight,u_6dg9lhzp@xxai.com,8cS4DKKD9tYW,686008
u_bo0cdcly,姚小鹿,u_bo0cdcly@xxai.com,4ufY1sFL8GYi,900913
u_1b2swnk0,朱小鹿,u_1b2swnk0@xxai.com,oJJyJYfybGkg,787854
u_9ahhw782,文温柔,u_9ahhw782@xxai.com,WzNkCTCDg4Dy,387245
u_c2o0i3ce,石踏雪,u_c2o0i3ce@xxai.com,5DUWvLJkP8L9,153134
u_f0u2ejig,森の守人,u_f0u2ejig@xxai.com,VmJXthC8Q4Qe,330279
u_5v5qw0qp,SnowSwift,u_5v5qw0qp@xxai.com,4EzZQvd23dUn,764279
u_8lmrmva7,BlazeRider,u_8lmrmva7@xxai.com,n5yKu2LAvrF7,343212
u_bmsdn7pl,ことりさん,u_bmsdn7pl@xxai.com,UvM5M3VTgDcF,771687
u_7yltd4iv,武花落,u_7yltd4iv@xxai.com,JZFDJRGiY2vi,847741
u_cpx8oroo,花鳥,u_cpx8oroo@xxai.com,5H3JaBGPAvPv,685084
u_7dm6ruij,LuckyTiger,u_7dm6ruij@xxai.com,5Xy9HnhCT9KW,865349
u_22vyn9qm,CrazyAnt,u_22vyn9qm@xxai.com,TTwiEU2zN6EC,668103
u_7dne91n1,FoxSky,u_7dne91n1@xxai.com,HH8hKg6MKwm3,820369
u_3qntfhmi,DawnMoon,u_3qntfhmi@xxai.com,BgP58k8WmSqY,406282
u_38t8m8lb,CoralRain,u_38t8m8lb@xxai.com,V6XsaXgVm4U3,255888
u_8crtp4ys,潘浅笑,u_8crtp4ys@xxai.com,TSWhwBiYuajf,271582
u_113pb93o,ゆうきさん,u_113pb93o@xxai.com,To7fWivh4tr4,717343
u_m4nmbbni,MorganPainter,u_m4nmbbni@xxai.com,LUhu7yMUUfsm,983719
u_6mwipm86,沈流年,u_6mwipm86@xxai.com,FHvLxGcN2Doj,367464
u_8t9msgz0,夜の鳥,u_8t9msgz0@xxai.com,Bt1svMa394VH,277952
u_2majtl2i,姜梅香,u_2majtl2i@xxai.com,MT19jt37WPHY,267428
u_26su19v2,白绿野,u_26su19v2@xxai.com,G7txdgiYcsR7,689130
u_59vyx9jb,胡近水,u_59vyx9jb@xxai.com,2GsLHdaDVdGD,651552
u_1b86qvgp,スイ★,u_1b86qvgp@xxai.com,Xt5evWMzBvB7,905
u_4g3gypgc,夏の魔女,u_4g3gypgc@xxai.com,RLAruYgchcLc,829608
u_2qyf01nr,CalmDeer,u_2qyf01nr@xxai.com,8vsp3VkSyTsY,856431
u_d20661pr,EvanLake,u_d20661pr@xxai.com,SLtxwPUZfJpf,865966
u_2t6xfot0,薛天涯,u_2t6xfot0@xxai.com,QNy42T3mWPGq,313020
u_7jhmyuzw,邹念旧,u_7jhmyuzw@xxai.com,KRyszK6tjDAX,260056
u_22oprmx4,WillowFisher,u_22oprmx4@xxai.com,DhPW8KZGERV1,955868
u_a5e6hl51,ウミ★,u_a5e6hl51@xxai.com,4vbm8hhSjQpW,434919
u_db58e3ex,雨の賢者,u_db58e3ex@xxai.com,9mAEFzwXRPC4,299011
u_eoi6ldjs,光の賢者,u_eoi6ldjs@xxai.com,ScjXkCnGaAe4,269206
u_adstfx19,彭若水,u_adstfx19@xxai.com,YQ5WrfWV3xwV,245680
u_asipquif,RavenLight,u_asipquif@xxai.com,HuoMLDFWLXaN,340950
u_6d7dsqtx,ColeBold,u_6d7dsqtx@xxai.com,3E5Fw5A9WfA8,209489
u_1nih0dow,龙清欢,u_1nih0dow@xxai.com,2bKn87zXPkaW,898841
u_d6usr0y4,孙明月,u_d6usr0y4@xxai.com,YDy5xcPN1QaA,595631
u_5q72v6pc,曾日暮,u_5q72v6pc@xxai.com,2tfbyQBEJiV8,516583
u_3l76ehu4,PhoenixKing,u_3l76ehu4@xxai.com,mfudTkcUY5x9,962883
u_56xybrkh,カイ★,u_56xybrkh@xxai.com,9BQPDN3ax2oA,24083
u_a8ib71py,郝莲语,u_a8ib71py@xxai.com,XUKC4zYyc4Rm,484160
u_1v1ql1jj,森の王子,u_1v1ql1jj@xxai.com,7QskH15Z5WuS,240586
u_59k6yfj8,なでしこ,u_59k6yfj8@xxai.com,Vs6Gu1otqdvA,285430
u_51vq6cbe,爱吃饺子的小狗,u_51vq6cbe@xxai.com,UKcGBpKswQZp,450941
u_ap5tod65,爱吃芒果的小鸟,u_ap5tod65@xxai.com,6MHYGwc3gqVv,841086
u_uiln1c82,张思源,u_uiln1c82@xxai.com,6ELn6bYbEGnj,311384
u_5svxcprn,星の兎,u_5svxcprn@xxai.com,GGXJE5Jro6Ch,970096
u_3iecq4vk,星河入梦,u_3iecq4vk@xxai.com,JYqWFzomgqiG,254157
u_37cdz8p4,汪霜降,u_37cdz8p4@xxai.com,E3QG3opVPtFa,94661
u_cd618iob,虹の猫,u_cd618iob@xxai.com,WxtFEY4nmTmf,273927
u_dg27gcte,JoyPlayer,u_dg27gcte@xxai.com,VqiWYgUW7JHe,736219
u_dreo119s,CoolPanda,u_dreo119s@xxai.com,FeRNVZSGHfjU,594754
u_c6z23jie,李草莓,u_c6z23jie@xxai.com,73S5CtXfNqTx,835758
u_a40tfbpg,月見る人,u_a40tfbpg@xxai.com,JPQwKoQTrREX,973531
u_enuguntx,PineSeeker,u_enuguntx@xxai.com,HxQXm4nfkMJy,220319
u_5eukxz7o,OakFree,u_5eukxz7o@xxai.com,MhxKjDDJR4SL,779096
u_8jxq46ho,ColeHill,u_8jxq46ho@xxai.com,13isPQaa7jAr,733220
u_bm0a4syz,EmmaDreamer,u_bm0a4syz@xxai.com,Y5kAQkucDfP5,334224
u_18370k8c,夜の子,u_18370k8c@xxai.com,Apthies8F7hp,699243
u_9yhdo2c6,HawkCook,u_9yhdo2c6@xxai.com,WZkEUD5naqFZ,79396
u_aszq1ldf,方远山,u_aszq1ldf@xxai.com,Q3gyAeriDpPQ,38778
u_eq98ghe7,常荷叶,u_eq98ghe7@xxai.com,UtKFUfVRLzWK,472904
u_b9x1bpkb,夜の魚,u_b9x1bpkb@xxai.com,DshhTLG8UuJP,729604
u_9te3ld43,StarSmith,u_9te3ld43@xxai.com,9jV3JtjwTmgR,558776
u_24w929w4,風の旅人,u_24w929w4@xxai.com,JgTBFWj6pDXP,946427
u_15lxmnox,姜深秋,u_15lxmnox@xxai.com,WXqB2f1NgM9L,169435
u_7u09bthg,丁晴空,u_7u09bthg@xxai.com,UAhdmdmWGXeS,636816
u_76nyylz7,魏冬雪,u_76nyylz7@xxai.com,FZSuAHh7NYWj,573035
u_64n8qzzb,白夜,u_64n8qzzb@xxai.com,3a6tnB1rwPBE,591606
u_bq2v4a0t,JordanRider,u_bq2v4a0t@xxai.com,6ebsprAinQ6v,396378
u_829ctegv,蒋然子,u_829ctegv@xxai.com,6ZforhAxwMHn,307202
u_eyp0h94z,LuckyFish,u_eyp0h94z@xxai.com,Eos5EoCCbU7K,302555
u_d2y93qm2,玉露,u_d2y93qm2@xxai.com,J276uxpTzRDv,68921
u_9kex2e1v,夏の旅人,u_9kex2e1v@xxai.com,3dC5QrEfL22g,424844
u_b5ecra05,阎温柔,u_b5ecra05@xxai.com,DWmHtavkzkT9,904881
u_6nc28eqq,きなこ,u_6nc28eqq@xxai.com,GjDZXj7cbuQB,610708
u_87lpkhq2,许清欢,u_87lpkhq2@xxai.com,PQgNm4CfFomH,393319
u_7xw7d106,阎叶飞,u_7xw7d106@xxai.com,E7K1KnwCDAJo,106918
u_6ba3n880,みどりさん,u_6ba3n880@xxai.com,3RriSpVLQdSA,644504
u_942w0a7j,MapleFisher,u_942w0a7j@xxai.com,59PYjnrEm4dg,457889
u_2p1voc1f,BlazeSwift,u_2p1voc1f@xxai.com,QXbdgEX4YP7K,319534
u_77l90lg1,马远山,u_77l90lg1@xxai.com,LPdSD6W87HqS,159113
u_3aq04mli,ゆうた,u_3aq04mli@xxai.com,2AsmmF1ygR7R,746360
u_akme7bkr,LuckyWhale,u_akme7bkr@xxai.com,3JeK2npWtZb6,697545
u_bdxr1ouf,朝の旅人,u_bdxr1ouf@xxai.com,69YLF5MSSs9k,93698
u_5vb9zc0x,StormStone,u_5vb9zc0x@xxai.com,RwxeB3H8fXj2,680807
u_67gb7p5l,萧踏雪,u_67gb7p5l@xxai.com,WgADrUQr9S76,16571
u_d3c9u600,周青云,u_d3c9u600@xxai.com,G3UTuy2E7hF3,181841
u_25wkddj3,奈良民,u_25wkddj3@xxai.com,VyGcfT1LqEpm,350579
u_9qu6zhns,KaiKind,u_9qu6zhns@xxai.com,FabsjBzSKTBv,291481
u_5rpq3scf,VioletBaker,u_5rpq3scf@xxai.com,KekwbVvw9BXP,479770
u_99s10w2y,白深秋,u_99s10w2y@xxai.com,5G7rX5LVTDWt,390322
u_akjmn4ne,霧の魔女,u_akjmn4ne@xxai.com,3aGNgzwv2XfK,149750
u_6s5qyq41,雷清风,u_6s5qyq41@xxai.com,U2nDoxsFxyuN,949156
u_2fxr8j2l,阎春风,u_2fxr8j2l@xxai.com,2uDo1R6zfKHL,41965
u_bdlbifi1,王天涯,u_bdlbifi1@xxai.com,4s8vPnCRRN29,81611
u_4o2hyoxl,CrystalPlayer,u_4o2hyoxl@xxai.com,FNU6c6DM7FAA,419276
u_6egz5qee,常惊鸿,u_6egz5qee@xxai.com,TEZ1Nw5dsV6f,881615
u_cqs9e371,IvyWild,u_cqs9e371@xxai.com,W4Kh4aPYSY9X,39817
u_cxc4y76r,VioletRiver,u_cxc4y76r@xxai.com,WZxdqreBC8pN,225853
u_kbbdxf00,尹深秋,u_kbbdxf00@xxai.com,FsbWKqz9cvBn,366224
u_9eea8r3r,WindyWhale,u_9eea8r3r@xxai.com,5uijTb5b3S9W,422252
u_bx08ipvc,万清风,u_bx08ipvc@xxai.com,DZSpdhpVtEbV,540040
u_4v7b6xsj,Dark_Shark,u_4v7b6xsj@xxai.com,HFDxmXuSvFv2,582065
u_bovp7gt9,どきどき,u_bovp7gt9@xxai.com,LcSBw5X2jdLQ,628734
u_47pm9fv4,唐飞花,u_47pm9fv4@xxai.com,Aube9LDPakEj,130910
u_1u2ye0w4,龙晴空,u_1u2ye0w4@xxai.com,4nAYP6c9rg2d,999237
u_r762zo92,吕浅夏,u_r762zo92@xxai.com,ABrZncV6t15z,610180
u_857hpn4s,孔清风,u_857hpn4s@xxai.com,EBj364h3KP8k,257736
u_3scq29sy,谢葡萄,u_3scq29sy@xxai.com,P7c4W7jrtRAH,184002
u_3v1jj51x,阎若水,u_3v1jj51x@xxai.com,EbwgKhsFckXc,750008
u_d8yw6vuk,程冬雪,u_d8yw6vuk@xxai.com,NbJWjiGyr9DV,566441
u_5hkw1l53,JordanDark,u_5hkw1l53@xxai.com,3DWg4GdP57e4,760760
u_ddao5bb6,余稻花,u_ddao5bb6@xxai.com,8xfq87QJ81EJ,587102
u_etfihdkc,袁归途,u_etfihdkc@xxai.com,QDAP2FVqBaVC,541673
u_1l2lmrpk,JamieKeeper,u_1l2lmrpk@xxai.com,PGr17dswAKGH,473853
u_186yd4yx,尹霜降,u_186yd4yx@xxai.com,MBoe1qKkvTsP,799284
u_edqtq3bf,常慕白,u_edqtq3bf@xxai.com,LPaTmkUDe5kk,998756
u_b58arob7,光の王子,u_b58arob7@xxai.com,THggNk5B1DZT,218909
u_yrwg48fq,かえで,u_yrwg48fq@xxai.com,UXM5LpXAxXeD,759575
u_cxn3yk4m,崔晴空,u_cxn3yk4m@xxai.com,6bCVqL6hHGGZ,778144
u_4pu4vc7t,贺荷叶,u_4pu4vc7t@xxai.com,Kwr1D7ALgMuH,314001
u_e7030yne,SethFisher,u_e7030yne@xxai.com,XUWRgPQ2Gqi1,255277
u_54odyyti,邱慕白,u_54odyyti@xxai.com,Y4RJSphTuDzK,566813
u_aeeo3896,谭清风,u_aeeo3896@xxai.com,Rsnp1pX9PyYz,939301
u_cn2d523i,奈良好き,u_cn2d523i@xxai.com,Ww6P6K63XW48,908582
u_4pokxujj,任蓝莓,u_4pokxujj@xxai.com,6DtbLaYBkZTo,493183
u_5f5m965g,段知秋,u_5f5m965g@xxai.com,WsjuBfjRRPsr,63024
u_2zc0bcna,BrightTiger,u_2zc0bcna@xxai.com,HPYXLX8UFmPE,411833
u_5by6blyo,RubyBrave,u_5by6blyo@xxai.com,KwzKzdRJ1h6W,452791
u_5y62uz2k,Cool_Fish,u_5y62uz2k@xxai.com,Sj5VfBvYmf7b,998673
u_66nhjrou,许青云,u_66nhjrou@xxai.com,C8z3Sdf4zWK1,527805
u_8rwndjl7,NoahOcean,u_8rwndjl7@xxai.com,2L8giZVRjLPz,478203
u_14qqjm4u,邹糖果,u_14qqjm4u@xxai.com,TYbkLNvE38TM,429578
u_ayaneoqh,FaithFree,u_ayaneoqh@xxai.com,AMXQwYNHCn8o,227826
u_c1qcy69k,NoahLake,u_c1qcy69k@xxai.com,W5m4rgu4a7Bc,639632
u_5bbws3xw,桔梗,u_5bbws3xw@xxai.com,V7r5m3skx2sD,644923
u_83eqthi5,钱归途,u_83eqthi5@xxai.com,YBneGHYFn5U3,189863
u_c9bah4x5,PineLake,u_c9bah4x5@xxai.com,Vw6JJqAwuZJr,536037
u_bh22hvfa,黄含烟,u_bh22hvfa@xxai.com,GLRqf5jpyBsU,407133
u_bqfibha7,SweetRabbit,u_bqfibha7@xxai.com,RdHsXg9g3Cuk,513490
u_f444dh5x,薛花落,u_f444dh5x@xxai.com,8JBdz5jFD5uW,647082
u_eqxm8xm0,孙石桥,u_eqxm8xm0@xxai.com,A9r2zS9abpCP,235554
u_1dvcvl3x,余大白,u_1dvcvl3x@xxai.com,KqsydTKBCj41,454758
u_1nham7fh,钱近水,u_1nham7fh@xxai.com,R9ne8aGszTsU,872135
u_8gflhtdg,贺松涛,u_8gflhtdg@xxai.com,B7Qz4ZGm5K7E,908359
u_6dv3dlif,秦雪舞,u_6dv3dlif@xxai.com,HvzjeuRWKhK6,33882
u_cc8gop12,花の人魚,u_cc8gop12@xxai.com,R9xSBp1pGi9z,583824
u_50958344,SethMaker,u_50958344@xxai.com,8UZsBGVN9ktg,757822
u_ass6nh68,钟夏雨,u_ass6nh68@xxai.com,RkdDd3XnLMka,372419
u_dpwq6dqb,JaceBright,u_dpwq6dqb@xxai.com,L3Y5vDxdb8dA,662435
u_348bbkqb,谭松涛,u_348bbkqb@xxai.com,XmHUmzAvQucx,576261
u_5gjdossx,VioletWriter,u_5gjdossx@xxai.com,Vqsuv54QvGLk,67003
u_a3ggp3s7,FrostMoon,u_a3ggp3s7@xxai.com,Kdf7tndhTsn4,242860
u_4ushaka7,NovaCook,u_4ushaka7@xxai.com,QjWEmqUMrHnw,226537
u_vyxzx3cp,SkiBunny,u_vyxzx3cp@xxai.com,2TGw6iD1U8hG,268079
u_2vlqiovb,万近水,u_2vlqiovb@xxai.com,TGD2i9E1arHd,130024
u_ezgik631,Gentle_Cat,u_ezgik631@xxai.com,5PUJEM9BMi6B,365985
u_dcktcbk5,胡清风,u_dcktcbk5@xxai.com,Cx8RaiXNRU5f,750321
u_84093g2k,段静好,u_84093g2k@xxai.com,F66TjctNoVV1,265389
u_4rkq0hgt,马糖果,u_4rkq0hgt@xxai.com,6CcGbR4tKhHc,892092
u_d940ecy2,JamieSinger,u_d940ecy2@xxai.com,bNSQahNCyG8g,191057
u_7jus1q8y,曹松涛,u_7jus1q8y@xxai.com,3Q7f6D6TCRbb,668729
u_ewfu1077,SageStar,u_ewfu1077@xxai.com,9wPEFqCDvULX,787114
u_1wkir598,谭望月,u_1wkir598@xxai.com,9CoGaWqo2dB2,401398
u_3wlwv62b,森の魔女,u_3wlwv62b@xxai.com,JzRdJ7oseyFi,285607
u_3v7zgd00,風の守人,u_3v7zgd00@xxai.com,2MQ87UNSEW78,4080
u_1t7g1aqb,Epic_Lion,u_1t7g1aqb@xxai.com,8BMXhJBeduEh,959076
u_5ki7mctv,冯铜雀,u_5ki7mctv@xxai.com,HFZCCbwrnGHA,707095
u_9ptbs1ep,郑微澜,u_9ptbs1ep@xxai.com,2CNDrYJbshxq,252780
u_earogb02,Windy_Frog,u_earogb02@xxai.com,RmxQZ49PESnF,260881
u_dsg2uarw,虹の子,u_dsg2uarw@xxai.com,5Lg8VSBEateF,946475
u_37e8ai57,Tiny_Cat,u_37e8ai57@xxai.com,APkX3h59Rsev,230722
u_pk64rwjx,叶含烟,u_pk64rwjx@xxai.com,A58sBxG3nh1L,318586
u_adlflj01,JoyPrince,u_adlflj01@xxai.com,Y22yVYnxkzBK,68329
u_byv2x6ig,BlakeCloud,u_byv2x6ig@xxai.com,PHHdL9uDBRGh,527401
u_c67qxb9k,潘奔雷,u_c67qxb9k@xxai.com,TLFJ5W7q5zAP,153982
u_e8m3q263,Gentle_Eagle,u_e8m3q263@xxai.com,CPMxsE6ed9xS,287051
u_4ddxgpq2,夢の猫,u_4ddxgpq2@xxai.com,GLR8Cx3m5i59,889896
u_1ayj7yhd,胡锦时,u_1ayj7yhd@xxai.com,27cBNSVZ2RFa,381039
u_8lcsh4go,Wild_Tiger,u_8lcsh4go@xxai.com,7tJsixzbXo2P,888728
u_d7qa86w4,黎晴空,u_d7qa86w4@xxai.com,pufFWM6CMePE,228026
u_x7ng4ttt,万程辰,u_x7ng4ttt@xxai.com,E3DJ5YYDG4cx,180426
u_xul4y3t0,IceBreaker,u_xul4y3t0@xxai.com,7kb8ky7r3a8D,164100
u_cxdhkdsc,AshDancer,u_cxdhkdsc@xxai.com,FcjDPaqprJ5W,556754
u_dhixmscn,ちひろ,u_dhixmscn@xxai.com,7Td92PJ84HrR,878355
u_eqwht3cf,吕草莓,u_eqwht3cf@xxai.com,D9bqqqvDxZGq,848656
u_3tvnrpqe,金青云,u_3tvnrpqe@xxai.com,5y4Z9j9f8s5P,452624
u_8q1v03b0,Chill_Fish,u_8q1v03b0@xxai.com,akeLReWyZVE6,730324
u_3sau2qub,レイ,u_3sau2qub@xxai.com,VULGVuPCxhyv,895360
u_6xzqpidy,WolfRider,u_6xzqpidy@xxai.com,DNG48ZX8kaHR,696165
u_77on69sf,KaiWalker,u_77on69sf@xxai.com,FiMbDt8x7cPL,194260
u_2j25bqrp,叶梦回,u_2j25bqrp@xxai.com,QFFWEEzLD2jA,623381
u_emba5wkf,陈凝霜,u_emba5wkf@xxai.com,P3fm2v7q27CA,302101
u_8xjcce14,HawkBuilder,u_8xjcce14@xxai.com,4XEMUtmiamh9,503780
u_os82dzoz,戴安然,u_os82dzoz@xxai.com,KJHVQRxWChYd,340244
u_4een5t04,邵怀远,u_4een5t04@xxai.com,YMrU2Fdw8P1G,635164
u_b7gu9mrd,马碎玉,u_b7gu9mrd@xxai.com,TEDyhNdkWfnh,305288
u_8nfz1usd,任晚霞,u_8nfz1usd@xxai.com,PEnFzACnXggb,880332
u_9n4kxthc,光の妖精,u_9n4kxthc@xxai.com,62F2KFDc15sL,983909
u_7yk4evwb,さくら,u_7yk4evwb@xxai.com,2859qG4cPETh,673234
u_691hpbo7,武朝露,u_691hpbo7@xxai.com,FeNDfi1QH6m3,661206
u_7okh5qi9,魏海角,u_7okh5qi9@xxai.com,BfMrkai2HgQ6,187641
u_93s7vjv8,侯如初,u_93s7vjv8@xxai.com,YDWCqaCydGhU,887408
u_bytq4nzw,Crazy_Tiger,u_bytq4nzw@xxai.com,MYEHPuMYwN5v,543393
u_7mozjrtl,RileyFree,u_7mozjrtl@xxai.com,DkqwmTcaoQXR,243516
u_2oylokyh,HopePlayer,u_2oylokyh@xxai.com,SUek6Qx4Sygc,196942
u_8m0rsiw9,熊思源,u_8m0rsiw9@xxai.com,GH6VCY2JhUmQ,380087
u_61ha60tb,姚锦时,u_61ha60tb@xxai.com,3U2AvCfEKZc1,826668
u_1yw1w9d7,SweetWolf,u_1yw1w9d7@xxai.com,TsCM4RVxbo4d,377623
u_2z3o5hci,SkyFree,u_2z3o5hci@xxai.com,MX573e1arrfP,661427
u_iaj5xh6v,SethWood,u_iaj5xh6v@xxai.com,6Je3b47geEeb,361512
u_bkc6vrdx,秦青云,u_bkc6vrdx@xxai.com,9Aff8LPLZQQJ,656990
u_42mgdk09,林紫霞,u_42mgdk09@xxai.com,QrzDpx4TTnRq,968282
u_4p85t7uq,PhoenixBrave,u_4p85t7uq@xxai.com,Fwo3gB2d91Z3,625725
u_dhzr8wu3,夏の姫,u_dhzr8wu3@xxai.com,NjGvpGM1ot8P,248534
u_c3atjgpm,EdenMountain,u_c3atjgpm@xxai.com,CA52yosiVG8N,474921
u_670rdgx9,AveryBrave,u_670rdgx9@xxai.com,PqmuTdjw47A6,734523
u_7lqi2zvm,PearlDancer,u_7lqi2zvm@xxai.com,4FJejmBHfVfW,781347
u_2ndx2l6m,AveryFire,u_2ndx2l6m@xxai.com,7LvkHRdRzqS2,444540
u_dbmi58yh,OakSun,u_dbmi58yh@xxai.com,5qzD8TCVCTNL,432950
u_b14xypre,江落雨,u_b14xypre@xxai.com,JHMhp2Ypisxn,249295
u_748kp83s,咖啡不加糖,u_748kp83s@xxai.com,MvfdWyVzEdNx,455568
u_9eb5kvvc,CalmFrog,u_9eb5kvvc@xxai.com,PkLV6fWQApUH,206429
u_ektqjz6y,戴初晴,u_ektqjz6y@xxai.com,JG2dejKKtb24,854564
u_chgdr7kc,MaxSmith,u_chgdr7kc@xxai.com,D54DBerCs8hB,850942
u_u08uvyaq,江含烟,u_u08uvyaq@xxai.com,X3oG6SNJMDiR,34641
u_34bmxys6,于慕白,u_34bmxys6@xxai.com,Gzn9GrUEufFu,647628
u_1uny3qzs,爱吃汉堡的小狗,u_1uny3qzs@xxai.com,UoCewZh4nrZt,444817
u_asifewwo,TaylorPrince,u_asifewwo@xxai.com,XCHvd1fvpbgs,518211
u_equ65ntj,戴远山,u_equ65ntj@xxai.com,54pdAGNa932B,969089
u_5fmdq37w,梁金风,u_5fmdq37w@xxai.com,L3VHmtj5vta9,47041
u_6v3h6ztd,KaiFire,u_6v3h6ztd@xxai.com,BzNEpHfmRDUC,166862
u_akysmdy9,金心动,u_akysmdy9@xxai.com,Fd1PfNpW4XgK,411192
u_e8uto0wj,海の精,u_e8uto0wj@xxai.com,FFUvgefJke6S,397741
u_evishwz2,汤含烟,u_evishwz2@xxai.com,9MXJ7y7AvzBX,376860
u_1pmymix5,RavenSmith,u_1pmymix5@xxai.com,AEUinppcD8Sg,275394
u_9hupvz30,易深秋,u_9hupvz30@xxai.com,3sQVxnhsUZSL,522601
u_4yma6kdf,EmmaKind,u_4yma6kdf@xxai.com,Pd9WjPqG62b7,977705
u_7do7thlq,FernFree,u_7do7thlq@xxai.com,XBNh8jwdU63G,898644
u_1ctsc7gh,AveryOcean,u_1ctsc7gh@xxai.com,Ty5uDD5d1to5,232691
u_ex0r8stj,夏梅香,u_ex0r8stj@xxai.com,WXMTvyAYYkBs,432791
u_1eysdtp7,RavenBuilder,u_1eysdtp7@xxai.com,E2JEbPdkhuzK,511201
u_7xf8zjko,星の住人,u_7xf8zjko@xxai.com,Y3sm9gNiQJza,325881
u_a3e2bfvd,大空,u_a3e2bfvd@xxai.com,Jst7HAttyPdv,185329
u_2ilf7bic,LilySwift,u_2ilf7bic@xxai.com,JNHrA4KCHCKq,278913
u_eu11j1tb,吴芒果,u_eu11j1tb@xxai.com,UyBhumiEVzjy,136513
u_45f60erv,夜の妖精,u_45f60erv@xxai.com,7bEH9F3jHdNH,884689
u_bkywss6p,谭归途,u_bkywss6p@xxai.com,YCLojwKLRtAs,903458
u_c6ep45fy,周清欢,u_c6ep45fy@xxai.com,XaYxyBGFz7FL,537371
u_a19ihn83,昼の鳥,u_a19ihn83@xxai.com,L16E4vecUZ36,845112
u_6r8m4g98,MapleStone,u_6r8m4g98@xxai.com,HSxvjmMCDP7G,442345
u_4953q2uy,金晴空,u_4953q2uy@xxai.com,RCNuMHgcMnd7,291132
u_9d0b4nmv,RyanField,u_9d0b4nmv@xxai.com,X8Yu6ATtv4VP,289208
u_1h57bh0f,JordanMoon,u_1h57bh0f@xxai.com,JXQHNQgDzfbK,461650
u_c0mpzjmh,黄暮色,u_c0mpzjmh@xxai.com,Ux5Kc14JqvVx,346190
u_ai0iuf90,RobinSeeker,u_ai0iuf90@xxai.com,UqGJXdTgWxM7,120994
u_9u3a41v9,田花落,u_9u3a41v9@xxai.com,FCrSYqqgesiK,201609
u_7vmaed31,袁带露,u_7vmaed31@xxai.com,HAgUxDuq3i4v,341121
u_463s6rvj,魏兰心,u_463s6rvj@xxai.com,4iN2wELi6XmQ,775967
u_1wubi0pl,邓映雪,u_1wubi0pl@xxai.com,BR7Qp3FpwAGA,142335
u_3814u846,朱慕白,u_3814u846@xxai.com,5ur21DJiHz6h,743098
u_7oh3tpiv,BearSinger,u_7oh3tpiv@xxai.com,3fwwqdibLCVR,931373
u_5n8gjcbp,谭追光,u_5n8gjcbp@xxai.com,RndJxLXjayhn,741730
u_eyatjv5p,札幌民,u_eyatjv5p@xxai.com,AnrGDwdJ5Zfv,38143
u_0208khky,范玉龙,u_0208khky@xxai.com,E4gkHJ8bFmJa,946829
u_amlwamp0,散歩道,u_amlwamp0@xxai.com,QpYcAjKpEs5v,348566
u_br60yahj,LarkKing,u_br60yahj@xxai.com,KZmo2QvLaLBq,660398
u_ayjc3zvr,NoahStar,u_ayjc3zvr@xxai.com,SM3DCvswGCUD,370152
u_7a9bq3ob,昼の守人,u_7a9bq3ob@xxai.com,Tx3Z4oxndxeU,705532
u_bw3tvmk4,邹听雨,u_bw3tvmk4@xxai.com,V1UQUgRemJ3t,893223
u_21y3o5w1,かいと,u_21y3o5w1@xxai.com,UUSsFR88PBdQ,154465
u_ebvoox75,IvyTrue,u_ebvoox75@xxai.com,V2BRrjAxQCJu,411593
u_5zzivark,郝清风,u_5zzivark@xxai.com,JzkUVTmnNK5p,717105
u_dtyd4jeq,JordanRain,u_dtyd4jeq@xxai.com,5KwyneH8qGqe,30100
u_2dhwo2d0,夜の使者,u_2dhwo2d0@xxai.com,LpXC43gjuQUF,687906
u_77a8my34,林彩虹,u_77a8my34@xxai.com,PCgs3onvnH1t,797368
u_3n8qc49g,AspenCook,u_3n8qc49g@xxai.com,G6wL2q7ga7UY,552273
u_9sglaju6,宋知秋,u_9sglaju6@xxai.com,C5V251E6gjuV,554933
u_c80vgnyw,任碎玉,u_c80vgnyw@xxai.com,LyYNfthBGTWw,419940
u_95ueb7wj,BlazeSmith,u_95ueb7wj@xxai.com,48bnyCRmChmH,812164
u_enb7oogn,ZoeBuilder,u_enb7oogn@xxai.com,8jG7MPCrsFBn,12199
u_62q6c0gq,万日暮,u_62q6c0gq@xxai.com,9oUjJvoXJZbi,793636
u_cipx58xf,WillowPainter,u_cipx58xf@xxai.com,UqSexVy6odGN,839895
u_1r5p9xit,崔菊韵,u_1r5p9xit@xxai.com,WSSP7RJ492rk,719115
u_1wr1ahwl,蒼天,u_1wr1ahwl@xxai.com,KafDq82xFTv4,580207
u_2q106zx7,郭含烟,u_2q106zx7@xxai.com,762boXSD4pzN,143277
u_4fu9sdh9,ななちゃん,u_4fu9sdh9@xxai.com,VEda9QUSE7cF,378476
u_9cxanvg8,杜晚霞,u_9cxanvg8@xxai.com,QM719DZ818rR,638637
u_94lvlrra,夏雪舞,u_94lvlrra@xxai.com,8wb5HzjRDxkG,541174
u_2pasqng0,白百合,u_2pasqng0@xxai.com,AYnyFYNLLgWv,444130
u_du8olkxs,邵樱桃,u_du8olkxs@xxai.com,MBosNbcwdzc3,113179
u_80km2uq8,汪日暮,u_80km2uq8@xxai.com,E1Mqtn9RX1qp,672922
u_2t1igpx9,贺彩虹,u_2t1igpx9@xxai.com,4r7z5NCiHZCX,528065
u_cb7osfuh,江金风,u_cb7osfuh@xxai.com,3HKF21H5pGh7,803087
u_18gp42rn,SethMoon,u_18gp42rn@xxai.com,4F8dnLQ2LbmH,50690
u_9d95y3xt,何未央,u_9d95y3xt@xxai.com,AdjDNJ6FsR5q,810351
u_cjo2ivur,RoseSmith,u_cjo2ivur@xxai.com,RLKTqVJCANA6,456170
u_7mgc4at4,IvyWriter,u_7mgc4at4@xxai.com,6VcqgkmFv7Y1,923329
u_c551wtlb,OpalCloud,u_c551wtlb@xxai.com,DDWcSG7zfNcb,964282
u_2q7zd3k5,曾西瓜,u_2q7zd3k5@xxai.com,884CbsBBzHCT,505742
u_6g0x15az,Epic_Dog,u_6g0x15az@xxai.com,GWAJShWUkhdh,916515
u_7kkefof4,夏の猫,u_7kkefof4@xxai.com,GrMYCiJ4Ga9s,961725
u_biff6yej,彭日暮,u_biff6yej@xxai.com,PLUvcrvhG2Dp,537887
u_dgl2cbye,EpicLion,u_dgl2cbye@xxai.com,CL7ejoVjjNTP,726294
u_dnsixcsh,萧秋水,u_dnsixcsh@xxai.com,75DdrVA1wCb6,309480
u_dkp7otpy,ちひろさん,u_dkp7otpy@xxai.com,UcM7AZkthpHA,930987
u_18k8bl3t,PixelArtist,u_18k8bl3t@xxai.com,WsLk4tAirfk8,824870
u_6lntdrns,AspenKnight,u_6lntdrns@xxai.com,LAjwZ7mWC1zZ,825287
u_de77q4u9,LazyFish,u_de77q4u9@xxai.com,BM286TFnGX2F,434447
u_bm1bkmfu,夏の精,u_bm1bkmfu@xxai.com,NgTzAqgA8EhU,301207
u_c1ztwfhg,翠緑,u_c1ztwfhg@xxai.com,VUTL7U6NjYK9,665917
u_6imay0me,小羊在路上,u_6imay0me@xxai.com,PNETTbdZVeDk,195049
u_3va0k2ss,FinnPainter,u_3va0k2ss@xxai.com,HwZCLn6uygGa,467817
u_ecdvutfv,萧凌风,u_ecdvutfv@xxai.com,VsWJDkZj8eZW,742597
u_78qis1cj,ElmWild,u_78qis1cj@xxai.com,V8aTnxaWYCb8,892469
u_1wkr1t16,るんるん,u_1wkr1t16@xxai.com,3Qq9JjN1w3FX,176496
u_9z4aokyw,RosePrince,u_9z4aokyw@xxai.com,N37HC3zU7R29,95380
u_398xt4yu,乔锦时,u_398xt4yu@xxai.com,5m3q11EQU6E3,823591
u_7f0uvtfw,夏雲,u_7f0uvtfw@xxai.com,Q17KBia3u9sr,315902
u_er5p09rd,曾柠檬,u_er5p09rd@xxai.com,pDz816QJ5zST,767883
u_9ob7zsx1,乔蓝莓,u_9ob7zsx1@xxai.com,Fbg8GVcZjrv1,987818
u_aneai13p,叶梅香,u_aneai13p@xxai.com,UZkVwQAWpxQR,24560
u_19m6uli9,快乐鲸鱼,u_19m6uli9@xxai.com,Lsdiu4UsyWyB,827175
u_afmnxz3p,きらきら,u_afmnxz3p@xxai.com,9GbXnqsPAxCU,79853
u_ceqg1y6o,SamWild,u_ceqg1y6o@xxai.com,CBLhAY2Rf6sY,6494
u_499clt7r,月の姫,u_499clt7r@xxai.com,9TvLMSEDWiRf,421939
u_e0psf3cm,海の守人,u_e0psf3cm@xxai.com,CEgP85JvzGrP,416467
u_asyli9yv,熊松涛,u_asyli9yv@xxai.com,Hj7kWz1gwxJy,114960
u_4va4siju,夏の犬,u_4va4siju@xxai.com,4xyuCmELJQXZ,136662
u_z244r1wp,OlivePrince,u_z244r1wp@xxai.com,BLixvByEACs2,384248
u_6hsqmbtr,曾明月,u_6hsqmbtr@xxai.com,FTKHsTHsR9B4,153917
u_1ct14qgi,武荷叶,u_1ct14qgi@xxai.com,SfztATWXALoM,917565
u_2jz4e7fq,雪の姫,u_2jz4e7fq@xxai.com,R5UC3NwNyqiE,776575
u_8n0n30ac,贾晚风,u_8n0n30ac@xxai.com,2pK4NzS94DYT,970592
u_9ktfy9hx,JordanOcean,u_9ktfy9hx@xxai.com,DofrxaFrf8Rc,652078
u_er3muyre,BlakeWind,u_er3muyre@xxai.com,Uuq4D6kFyeCn,714165
u_5jk9bk1p,朱大白,u_5jk9bk1p@xxai.com,GQix9Bg5F4a5,441383
u_d06exxnc,ひなたさん,u_d06exxnc@xxai.com,2SFMARqqA6LP,909255
u_9y4ywuuv,曾银河,u_9y4ywuuv@xxai.com,YCHLjAB3LLQx,244084
u_590up7u2,雨の勇者,u_590up7u2@xxai.com,KKUXN6S16FKi,650091
u_3j3xdi9i,FaithLight,u_3j3xdi9i@xxai.com,W4UbCMmNNR8r,941337
u_6dc3uxkk,范海角,u_6dc3uxkk@xxai.com,2znbM5rMRZny,45807
u_4ust6lc8,梁彩虹,u_4ust6lc8@xxai.com,EobEsLt9kPqD,716759
u_4rc1yyzq,何拾光,u_4rc1yyzq@xxai.com,FrNFL2aBLoBh,675281
u_d2td01ek,ColeDark,u_d2td01ek@xxai.com,AxeZCobV9LZX,630613
u_8mqdxi15,LarkMountain,u_8mqdxi15@xxai.com,9hLib166Ks4K,794250
u_9ufo7286,Wild_Lion,u_9ufo7286@xxai.com,PQ6KcRG99Lbt,556016
u_6jmzdrgf,すみれ,u_6jmzdrgf@xxai.com,62G8rb9pTM5F,147415
u_a7xodqm3,徐夕阳,u_a7xodqm3@xxai.com,7uBHmPvWjmb1,311114
u_4zqp6g9o,彭海角,u_4zqp6g9o@xxai.com,2CNd8YM79AZE,51181
u_ah31e03n,郭凌风,u_ah31e03n@xxai.com,9RW1rCiZSuAc,72483
u_6ckivqz2,鎌倉民,u_6ckivqz2@xxai.com,VxnfutAeN4oX,815999
u_67zxgx7v,TaylorWild,u_67zxgx7v@xxai.com,PZKqo8GBHLE5,464809
u_eexdhs0u,薛未央,u_eexdhs0u@xxai.com,AGTQJAZEej7z,651728
u_6cflo0tb,蒋温柔,u_6cflo0tb@xxai.com,VEfZwuZ5covj,690175
u_3333zf7p,StormyDuck,u_3333zf7p@xxai.com,9PppgLLL9nsb,725723
u_eijem0tz,EvanPrince,u_eijem0tz@xxai.com,NrjKXJwhrAmU,468535
u_6erqapuq,PearlCook,u_6erqapuq@xxai.com,JgdC8MYt2y2q,746502
u_6jiidacn,WrenFire,u_6jiidacn@xxai.com,WB9Z5AG91KDd,774650
u_dh39qj00,暁,u_dh39qj00@xxai.com,XkYSDTnKb1ip,597016
u_efzdusa6,かおりさん,u_efzdusa6@xxai.com,W5ZWXgUjLy11,171605
u_avivan06,Sunny_Bear,u_avivan06@xxai.com,AhBCFjZUcxPa,865390
u_dpwiwaip,龙暮色,u_dpwiwaip@xxai.com,K6dVAL3NrHxC,154810
u_eqxervah,唐奔雷,u_eqxervah@xxai.com,CBYgDSnNvHom,824984
u_3o5vv54s,叶绿野,u_3o5vv54s@xxai.com,Riewsz1smKys,654994
u_e6hkd4pw,段含烟,u_e6hkd4pw@xxai.com,FnHpcFnJoNrt,808666
u_4mbrr4e5,HazelKing,u_4mbrr4e5@xxai.com,RqKJoug6pnuj,459461
u_1yyffirc,高若水,u_1yyffirc@xxai.com,Fb2qS79yBSJg,795195
u_i6kfw23v,雨の住人,u_i6kfw23v@xxai.com,QrRjoa7zuQ4R,121019
u_7ey6v904,梁微澜,u_7ey6v904@xxai.com,LrQ2m4pPYNGT,616491
u_ca1m22fg,料理人,u_ca1m22fg@xxai.com,KbtXJrS9GtJ1,105605
u_7ori31ye,邓归途,u_7ori31ye@xxai.com,6ZKfkM3aki5Z,925334
u_axe3x9d2,FoxHunter,u_axe3x9d2@xxai.com,WMVYvVm5JnJZ,319523
u_3wnrd0dq,さくらちゃん,u_3wnrd0dq@xxai.com,Yb4GjHhN74mH,126458
u_1ti46zco,霧の王子,u_1ti46zco@xxai.com,7EnB8c4VQKSL,575647
u_dx7jrv4f,FernStone,u_dx7jrv4f@xxai.com,Y9iDVuP78ffB,324484
u_1puaq0dv,顾知秋,u_1puaq0dv@xxai.com,7QERTQf1p6kE,527671
u_blmrkqso,美食家,u_blmrkqso@xxai.com,K8Cm28cBdGmr,801895
u_ca25c1bh,杜海角,u_ca25c1bh@xxai.com,HksCfkaMiC6E,88283
u_e6lb2fyl,IvyFree,u_e6lb2fyl@xxai.com,VaqcZ8BPZXq3,298562
u_bgxq365n,尹晚霞,u_bgxq365n@xxai.com,61yXCw69B59u,597345
u_c5mo51us,崔小鹿,u_c5mo51us@xxai.com,MQ4d88ywTp8k,597809
u_6aj4puag,OpalBold,u_6aj4puag@xxai.com,72T57ZjB1UWW,525848
u_by4sdara,WillowBold,u_by4sdara@xxai.com,BTmfjBmjbBZ5,474681
u_djqwna8e,LazyEagle,u_djqwna8e@xxai.com,KkefQeJULK97,396417
u_1kd2wsvd,贾夏雨,u_1kd2wsvd@xxai.com,Cc2T92YABkJN,936178
u_amrgd2bd,赵远山,u_amrgd2bd@xxai.com,MQzTSpZWLaEL,697094
u_12cysg42,京都住み,u_12cysg42@xxai.com,QciJTboNRb33,613114
u_2ebs9kni,CrazyTiger,u_2ebs9kni@xxai.com,PmfGmuvnStwX,61916
u_191h9p6s,藤花,u_191h9p6s@xxai.com,7xFHrg6oZ2Pm,457679
u_aqqst609,朱锦时,u_aqqst609@xxai.com,KSM77iHQ848G,964564
u_bf9zxde0,ゆうま,u_bf9zxde0@xxai.com,7geQLSnx2YG9,833018
u_3a7ew2mm,朝の人魚,u_3a7ew2mm@xxai.com,G4CpaWfKQ4dA,431774
u_2x2mzhdw,NovaMaker,u_2x2mzhdw@xxai.com,95hJMCsoAz5L,338306
u_4a27ub99,LunaOcean,u_4a27ub99@xxai.com,DEvH1E9ukvi2,391143
u_14osgb1i,白锦时,u_14osgb1i@xxai.com,6aqt72DGzPYp,740554
u_9gf45y7k,霧の勇者,u_9gf45y7k@xxai.com,GHv1L9MrCALN,672338
u_38ktcpzx,毛念旧,u_38ktcpzx@xxai.com,9ULos8a2zk8y,479045
u_1bnajo26,ShadowPlayer,u_1bnajo26@xxai.com,Dn9cHJE6bgZQ,255451
u_ddw6ztp1,森の賢者,u_ddw6ztp1@xxai.com,FRVssCcQ2TYq,391144
u_1cvzp5t7,朝日,u_1cvzp5t7@xxai.com,G3Euhtvgjs8z,553736
u_5dkk7f6n,邵念旧,u_5dkk7f6n@xxai.com,TEha9SmdzQ25,235762
u_aj2liwyv,朝の魚,u_aj2liwyv@xxai.com,WZmmnvAtVLQE,776520
u_eybm1yob,周云起,u_eybm1yob@xxai.com,FqVkYpTLQTof,934157
u_8lg73p55,ひなた,u_8lg73p55@xxai.com,5BYEP7czZVMS,440402
u_4h69iie2,BrookBuilder,u_4h69iie2@xxai.com,4WcTyiYhgzJh,302935
u_aymza2ty,蔡带露,u_aymza2ty@xxai.com,ctP46xyKBwee,489473
u_c7nqlxpd,江芒果,u_c7nqlxpd@xxai.com,BsXyS3Ag3yMs,843586
u_1mw4qpka,KaiWood,u_1mw4qpka@xxai.com,MsWmbfubPVLA,949765
u_9stzc19o,夜の猫,u_9stzc19o@xxai.com,FjUQVFCM6mD6,679473
u_ju7bylia,菖蒲,u_ju7bylia@xxai.com,QNqDKfgSyWhr,837367
u_dxsxtrwo,叶彩虹,u_dxsxtrwo@xxai.com,YG7BJL6STGfH,845205
u_cvu56p2r,邱温柔,u_cvu56p2r@xxai.com,CniQs4ysdAha,474426
u_75301lfq,易倾城,u_75301lfq@xxai.com,3oXnMo2Y7KUy,527103
u_d3zpbxoi,ChillWhale,u_d3zpbxoi@xxai.com,G49V2V6Lnsdp,434296
u_2hs9ou3o,夢の勇者,u_2hs9ou3o@xxai.com,MuFNRJ8m1MCg,696958
u_e8kqzdu4,廖暮色,u_e8kqzdu4@xxai.com,9ehEo4gR2Ppa,543663
u_7ixeul9y,CedarDark,u_7ixeul9y@xxai.com,VLSMaYZTb28S,646307
u_9hb6qvjl,HappyDeer,u_9hb6qvjl@xxai.com,XykGMovL4bzY,456751
u_e9jmoiw1,PearlWind,u_e9jmoiw1@xxai.com,NZ7uVnkyxxvy,234151
u_6p7wwlbm,白天涯,u_6p7wwlbm@xxai.com,Hde1pmGHbHaV,68837
u_a92r79ku,马逐浪,u_a92r79ku@xxai.com,847hbDfWEVD8,125291
u_ccfh3w8j,文日暮,u_ccfh3w8j@xxai.com,LpbxdweckK1e,762272
u_7sdsthoy,夢見る人,u_7sdsthoy@xxai.com,VpS45oTorXTZ,372154
u_7g14ipkb,わくわく,u_7g14ipkb@xxai.com,Nb1WVWjMu8ZP,553004
u_98djls79,星の人魚,u_98djls79@xxai.com,StwMTJoZDMbH,35156
u_cli09xn8,HappyDuck,u_cli09xn8@xxai.com,NeKbAsfZ6tBG,363934
u_qcfgrxri,崔流年,u_qcfgrxri@xxai.com,KxzzBtYuFqJa,469194
u_9sijjv8k,夜更かし族,u_9sijjv8k@xxai.com,AgjhsyBewBpe,553028
u_6k9aqirj,谢静好,u_6k9aqirj@xxai.com,QwBb6uNJqx94,442640
u_01rnc3f5,Lucky_Whale,u_01rnc3f5@xxai.com,RkMwoBpsmKJ7,724323
u_c1nkynk7,萧西瓜,u_c1nkynk7@xxai.com,Ed7132nj8L7k,370380
u_as9hf7pf,Tiny_Fish,u_as9hf7pf@xxai.com,9aMgToP425Go,364541
u_bfuexxms,WillowWind,u_bfuexxms@xxai.com,Wy3TaCM2t2cN,265306
u_aah0wy1d,RoseRunner,u_aah0wy1d@xxai.com,6KaGkxstPA7r,876501
u_2eqiflke,易明月,u_2eqiflke@xxai.com,UpHK4r8ZWH9P,589702
u_dprtpqe0,谢惊鸿,u_dprtpqe0@xxai.com,26ELm3Cgikcn,451369
u_ao4yyiv1,CoralRider,u_ao4yyiv1@xxai.com,CRZTuHmCEhJc,83054
u_cbr5c6p0,虹の魚,u_cbr5c6p0@xxai.com,T28wPVrJ9qbn,679640
u_3xdxf6tg,VioletFree,u_3xdxf6tg@xxai.com,4GJk9qYBTjdt,33990
u_blx7wf3b,霧の鳥,u_blx7wf3b@xxai.com,G6qvx99PF7sS,874570
u_f4ebe1v5,吕念旧,u_f4ebe1v5@xxai.com,Rt682F8wvXLL,406273
u_6xlss29b,EmmaPlayer,u_6xlss29b@xxai.com,FB9zajJW5Dpy,331848
u_4jmcc7ax,神戸人,u_4jmcc7ax@xxai.com,5tWBbbgpmCNC,305994
u_58fuih4w,侯朝露,u_58fuih4w@xxai.com,NVFP4HTdoAut,804865
u_233fgn2e,汤冬雪,u_233fgn2e@xxai.com,FdWHDxZi6k91,576659
u_42jkgh90,夜の犬,u_42jkgh90@xxai.com,EmYcYzHYdNrZ,181485
u_5b8b2bo9,崔铜雀,u_5b8b2bo9@xxai.com,SQFYpKbRpEsM,164717
u_351zjpy5,史烟雨,u_351zjpy5@xxai.com,NU3pAWnB2cLL,139986
u_1q2iyde1,森の使者,u_1q2iyde1@xxai.com,9mG9rM3C4hip,765004
u_7yj4z5i2,钟浅夏,u_7yj4z5i2@xxai.com,SVsF1b6qkBWf,44469
u_77r8exgm,谭拾光,u_77r8exgm@xxai.com,CpbC5NAhZgmF,118832
u_ed1vvxw9,江寻欢,u_ed1vvxw9@xxai.com,EekFyZgHHhZJ,482025
u_57nevtx0,田静好,u_57nevtx0@xxai.com,RUeJAtaUoiSw,754880
u_je31atf7,HawkMaker,u_je31atf7@xxai.com,R8KKrvoqFonH,336178
u_6xexyqvb,Epic_Tiger,u_6xexyqvb@xxai.com,7diaWTNCq44N,646392
u_3fz1l7e8,王逐浪,u_3fz1l7e8@xxai.com,SS7tQvi5vrb8,179816
u_256pjes4,杜飞花,u_256pjes4@xxai.com,P5eNi7nR3uZr,245021
u_b22mxt0z,郝近水,u_b22mxt0z@xxai.com,7RQ2SkudTbef,953500
u_atgab2v2,BrookField,u_atgab2v2@xxai.com,6PtLaKYnW4My,20365
u_9rdhwzhq,ShadowCloud,u_9rdhwzhq@xxai.com,2pEdtUnKBChC,450508
u_b1vud38r,RubyFree,u_b1vud38r@xxai.com,B2N5W2PMAmPD,511154
u_20e0rsej,海の兎,u_20e0rsej@xxai.com,17ghBQmtgVMy,789601
u_669asszn,BlazePrince,u_669asszn@xxai.com,MdA1zAFT4pJ1,193820
u_3f9qvjq2,雲見る人,u_3f9qvjq2@xxai.com,XCzdw238qKjS,616727
u_9aah054e,崔荷叶,u_9aah054e@xxai.com,RPACQN1C7br4,95369
u_96gt89zg,BackPacker,u_96gt89zg@xxai.com,V9AqaANDEaTu,94156
u_5j1c1i25,AmberSwift,u_5j1c1i25@xxai.com,99k1XzjwjA5R,520885
u_1vwvrq9h,Bright_Duck,u_1vwvrq9h@xxai.com,EMsfMYkbgjXc,9538
u_9eq2pgqy,FinnWalker,u_9eq2pgqy@xxai.com,FUTfKK3Nwp51,943649
u_3i4jk83g,夜の人魚,u_3i4jk83g@xxai.com,6AQ5V4ciFqNx,690916
u_683s3zfk,TaylorBrave,u_683s3zfk@xxai.com,CvuksFXY29Nh,101897
u_84azvm6a,袁红尘,u_84azvm6a@xxai.com,DoshudU2VQTR,121191
u_72yyhjfp,吴梦回,u_72yyhjfp@xxai.com,YVJU7ZV2jstH,996589
u_hazlqxyx,BearKnight,u_hazlqxyx@xxai.com,8uHs8af6jzyF,4457
u_8vlomnst,姜晴空,u_8vlomnst@xxai.com,4sA6GmBRnyfL,769420
u_5ys9jf6b,キン,u_5ys9jf6b@xxai.com,DLpuuvMKg9oo,707684
u_bmwmfxq4,FoxLight,u_bmwmfxq4@xxai.com,DZSENfBzzoL1,298023
u_6x1u0mcl,FaithRunner,u_6x1u0mcl@xxai.com,2RqSNEqPgoZ6,29370
u_88t7cgxo,龚柠檬,u_88t7cgxo@xxai.com,EvYopYWLskpP,48154
u_avlqjfji,蔡近水,u_avlqjfji@xxai.com,AiV7q3qNtVnX,686718
u_8zdbzgrq,汤小麦,u_8zdbzgrq@xxai.com,9bZ3Ev42EUz9,216567
u_cxpnah1u,常凝霜,u_cxpnah1u@xxai.com,Y7wVpgmHNEwq,610212
u_5k1vrunu,HopeDark,u_5k1vrunu@xxai.com,332Rk3NCDQG7,209361
u_3a69c9nc,雨の姫,u_3a69c9nc@xxai.com,FPNbEJfJe6ZC,549330
u_3wjowfwv,江似锦,u_3wjowfwv@xxai.com,MoX6Efm6FENJ,228090
u_1eksgvjj,彭月华,u_1eksgvjj@xxai.com,7esutYwByR2c,786196
u_daa34vt0,OakTrue,u_daa34vt0@xxai.com,HvtHr3sy8JVW,763202
u_eebv9z5m,史草莓,u_eebv9z5m@xxai.com,3qbqfKWCVRVR,143188
u_5otle716,DawnKnight,u_5otle716@xxai.com,Q5AWR9FkXm8y,667123
u_11m4knr8,StormyFox,u_11m4knr8@xxai.com,QMcqhuwUa9a2,22319
u_56wj7r4z,LeoPrince,u_56wj7r4z@xxai.com,7xkh9a7mP1iu,211103
u_bowqgm28,阎朝露,u_bowqgm28@xxai.com,GHA4ksJkT7Qc,748987
u_1y10d9wh,月の犬,u_1y10d9wh@xxai.com,YTK3qoKLhojx,570416
u_4wx3ocow,MapleOcean,u_4wx3ocow@xxai.com,H5ERrmeAMdeH,398459
u_5vf708hv,読書家,u_5vf708hv@xxai.com,DDG8fNCAwCFU,238719
u_bc091ij9,JordanCook,u_bc091ij9@xxai.com,Nt6XcvkrDTod,935815
u_2mv3d629,空の住人,u_2mv3d629@xxai.com,7XAYtp6DfeLB,526141
u_bxs551ml,丁心动,u_bxs551ml@xxai.com,3cbapkM1boFh,787287
u_1gm8qq9g,雪の妖精,u_1gm8qq9g@xxai.com,WsDgVMDuqFMC,228863
u_5kdhbo5z,冬の賢者,u_5kdhbo5z@xxai.com,EAV5Jq14Kbay,163721
u_ecldmllq,ハル★,u_ecldmllq@xxai.com,BDFzGJEcBdym,867696
u_3r1pnoif,魏初晴,u_3r1pnoif@xxai.com,P1Xv1ZE4rSSA,374744
u_d0qek7kl,熊倾城,u_d0qek7kl@xxai.com,6mHrH52YR1s4,975088
u_1gut71t5,卢糖果,u_1gut71t5@xxai.com,2JsX2euVhYpT,358088
u_e5ybvsd6,GentleEagle,u_e5ybvsd6@xxai.com,6yud4khjwkXX,987176
u_37drbkhk,BirchDark,u_37drbkhk@xxai.com,4N52AZajEF1u,939421
u_9tvbvsja,OakBold,u_9tvbvsja@xxai.com,EYv5qwuVJPEH,41357
u_ewa6rk3x,沈霜降,u_ewa6rk3x@xxai.com,MZnBD2NrX2dc,712005
u_3delfqvg,春の魚,u_3delfqvg@xxai.com,X5tdWTZQrie5,772686
u_o6gp2w9t,冯冬雪,u_o6gp2w9t@xxai.com,FuHqQecUJ9xP,798544
u_8n03gae6,ホシ★,u_8n03gae6@xxai.com,DmuJCyTNumrz,638569
u_lpn2iack,FoxBold,u_lpn2iack@xxai.com,WamVzycTZRsc,392625
u_aol4pniw,傅菊韵,u_aol4pniw@xxai.com,YUE9VdAhPBf5,409213
u_ef334cem,Fierce_Owl,u_ef334cem@xxai.com,DZkd3M7q3qkg,73950
u_cqd9txfp,WarmDeer,u_cqd9txfp@xxai.com,QnpNQDA37Lb2,653887
u_cgwfm1t2,毛莲语,u_cgwfm1t2@xxai.com,PXJAXf3Xt4Ax,373475
u_7aft0j10,Sunny_Tiger,u_7aft0j10@xxai.com,AUs1QfvujuXo,927565
u_01xn8v3m,AmberStone,u_01xn8v3m@xxai.com,TMSi4M68oSXq,30973
u_aomtvspd,张柠檬,u_aomtvspd@xxai.com,PrUqWrG2FA5U,70905
u_exohlmrf,CharlieRider,u_exohlmrf@xxai.com,4oKpD3CEjTNe,384627
u_2fs8iipx,彭知秋,u_2fs8iipx@xxai.com,AveWBhC5Qsf4,644017
u_2umfvpi0,范月华,u_2umfvpi0@xxai.com,KcVpaMvxSWte,974244
u_bedb1ki5,狐,u_bedb1ki5@xxai.com,AT8a6CtzwrP8,862767
u_bnjom2gp,虹の使者,u_bnjom2gp@xxai.com,WxGScnGUK3Mt,59635
u_djyf76ov,乔浅笑,u_djyf76ov@xxai.com,CB7KZ55B6NQh,132823
u_5gdibwvi,Dark_Whale,u_5gdibwvi@xxai.com,31VWf5BXg7Vu,173096
u_3dsem3ie,沈带露,u_3dsem3ie@xxai.com,KjD4dQesemsx,108451
u_5l7w3iuf,LarkRiver,u_5l7w3iuf@xxai.com,Tbb2R9ErnoyC,407878
u_8wzaywp8,霧の精,u_8wzaywp8@xxai.com,ExHscQRZ18oE,873651
u_bl2a7tel,薛雪舞,u_bl2a7tel@xxai.com,RSQun5wBQduc,450261
u_158aj5g3,SethMountain,u_158aj5g3@xxai.com,8erfVPfaRkXo,571827
u_1u36njvo,吕明月,u_1u36njvo@xxai.com,XMSdSZ61nbTS,786995
u_7eabjcjz,雪の賢者,u_7eabjcjz@xxai.com,TV9392CbFYm3,727793
u_2ankm4vn,ミク,u_2ankm4vn@xxai.com,CCh5vKQg8won,602277
u_bz6tak3e,あいちゃん,u_bz6tak3e@xxai.com,QVJxr4p1Coe1,192383
u_1fn0jh7y,レイ★,u_1fn0jh7y@xxai.com,7LLZmwvCsUp8,126703
u_954z665s,ミク★,u_954z665s@xxai.com,UScMuG6abbrR,382714
u_6yup2zn4,黄听雨,u_6yup2zn4@xxai.com,MQXFQGrpHjLr,105238
u_a5g378im,MaxDancer,u_a5g378im@xxai.com,HixrgJJ8Fybk,375495
u_6mol2yoz,そらさん,u_6mol2yoz@xxai.com,GcvTxpgksh2N,332554
u_b1ys4wkm,LeoBold,u_b1ys4wkm@xxai.com,WeKNgipVARqH,659004
u_7rqjv1zc,星の賢者,u_7rqjv1zc@xxai.com,9Fd9GAmK58gA,232719
u_59qn7e8v,りん,u_59qn7e8v@xxai.com,osMfYhMBvacu,538037
u_3nzney7p,蒋小麦,u_3nzney7p@xxai.com,JMfykocSP1ne,643887
u_cc9uj7s6,LazyFox,u_cc9uj7s6@xxai.com,VU4t8zLxLkeq,633781
u_clst0qb3,ZoeBaker,u_clst0qb3@xxai.com,LhxfNT39Ey8b,263932
u_7nqm2ei9,吴带露,u_7nqm2ei9@xxai.com,96ta77rDtrP7,85408
u_2sa4rsgy,雷鳴,u_2sa4rsgy@xxai.com,DsTFk4cdcTGu,994575
u_b3se8jad,曾樱桃,u_b3se8jad@xxai.com,Eg7T7s2ERvQi,50314
u_6hxmsfw9,CuriousCat,u_6hxmsfw9@xxai.com,83GokQWmDPAg,400895
u_dylbrumg,徐清欢,u_dylbrumg@xxai.com,VWCmxg1zudLu,715439
u_as2hx3fx,龍,u_as2hx3fx@xxai.com,K54oe4B6J8fS,212514
u_e3tobdat,AveryDreamer,u_e3tobdat@xxai.com,TfkiRWJSrbKC,162992
u_9ijn9w0r,MorganRiver,u_9ijn9w0r@xxai.com,4SnA7mbVDFZq,966217
u_a6vmel91,JoySky,u_a6vmel91@xxai.com,QK6RbyyNMc6C,691512
u_10sqo6sz,雨の旅人,u_10sqo6sz@xxai.com,1mhNzVdP9bmJ,378402
u_dy06ul4l,杜糖果,u_dy06ul4l@xxai.com,P2NSDWSNGJBK,998941
u_3qk57nae,ZoeRain,u_3qk57nae@xxai.com,WjFz4gjBVg34,284216
u_e3lchqge,ココ★,u_e3lchqge@xxai.com,SnHriFbKMKtn,72483
u_e33skezp,昼の魔女,u_e33skezp@xxai.com,RNdbnNF9pWsb,511511
u_ew0s99an,CoralKnight,u_ew0s99an@xxai.com,78x1D1TpJ72v,792689
u_1kn4zs6d,万清欢,u_1kn4zs6d@xxai.com,WtEeuHixjLt4,870836
u_b9ncxcmz,孙芒果,u_b9ncxcmz@xxai.com,KzJ67CDQSN9q,816217
u_4djnm2fz,ShadowCook,u_4djnm2fz@xxai.com,TNUBAbSe1S48,646728
u_9lyj5wnt,熊奔雷,u_9lyj5wnt@xxai.com,L68v2fGP1wQA,268609
u_21ug3gh4,WolfDreamer,u_21ug3gh4@xxai.com,AjQbvq16tf37,237782
u_7k14dm8b,董玉龙,u_7k14dm8b@xxai.com,6NBLLkBmzHJK,193613
u_6vf6hf68,星の使者,u_6vf6hf68@xxai.com,LQH8EfyeAB1X,973752
u_01kpzcmw,汪寻欢,u_01kpzcmw@xxai.com,CbztCts4snt6,58478
u_288tr1lw,邱花落,u_288tr1lw@xxai.com,N7ccpz1RN2ST,744551
u_413oun1t,海の子,u_413oun1t@xxai.com,5NHb7wkbrfXk,240030
u_vv7m1fos,紅葉,u_vv7m1fos@xxai.com,QqKQb7rFbeV4,677425
u_cg0iw6o1,NovaWild,u_cg0iw6o1@xxai.com,2G7YJ5ftPh47,346522
u_41ky3gl3,钟铁马,u_41ky3gl3@xxai.com,VrizpdxQHfNm,349422
u_ah66btuh,邱莲语,u_ah66btuh@xxai.com,H8qApSBXPdtY,10738
u_9iwrq27k,燕,u_9iwrq27k@xxai.com,EZLtnUuKjo1y,581271
u_0241goyc,EvanMaker,u_0241goyc@xxai.com,M3dEau1eZhfV,561298
u_f0a3wnz4,廖松涛,u_f0a3wnz4@xxai.com,F98h6hPsAtgQ,863621
u_6pu5pekl,杜长安,u_6pu5pekl@xxai.com,kQM4WJRgaX7W,151123
u_dkyw5eb3,OpalStar,u_dkyw5eb3@xxai.com,B8yyauo63Xyf,552542
u_bk8mnhv2,夏望月,u_bk8mnhv2@xxai.com,WB9zYNTQjEGm,422227
u_ey3m3s32,ユメ,u_ey3m3s32@xxai.com,Gj3SoyYjjoAG,248687
u_3y5g1f3v,PineSky,u_3y5g1f3v@xxai.com,QCLRu4bT7BPS,858338
u_8ctqou6o,SethSwift,u_8ctqou6o@xxai.com,P4gYJBgGVnQU,538262
u_15c9jkw5,CrystalLake,u_15c9jkw5@xxai.com,Y85Wr1ZYqBA6,968904
u_btkidmmj,阎芒果,u_btkidmmj@xxai.com,TKrMa5QWZY98,4517
u_4fy2qjnk,SamSun,u_4fy2qjnk@xxai.com,8CaEpnSP5APN,918987
u_92rxvth1,DrewKind,u_92rxvth1@xxai.com,KVSWS9gN2LDr,435436
u_67y50rl3,Stormy_Fish,u_67y50rl3@xxai.com,Xby9MspuXw87,266897
u_cqoonz4s,桃色,u_cqoonz4s@xxai.com,MesWJnPRnMt2,624681
u_54dyf6ix,月の魔女,u_54dyf6ix@xxai.com,HzpgQgB5WjF1,905158
u_7jmyx5az,京都っ子,u_7jmyx5az@xxai.com,P5TxZGLJqWiE,645670
u_cvs4h6yf,刘温柔,u_cvs4h6yf@xxai.com,8ynpaxvjAACD,533456
u_7e39srh1,LilyCloud,u_7e39srh1@xxai.com,5sncipYQGkfY,488381
u_e3kgl1pu,WindyDog,u_e3kgl1pu@xxai.com,C8TaMLBy4q2j,257901
u_hbwcckco,ColeField,u_hbwcckco@xxai.com,3qAXSmn4cSqK,789240
u_9mkqyat8,TaylorBold,u_9mkqyat8@xxai.com,AQBCCXfBGH6u,46548
u_2vjjgdea,ゆいちゃん,u_2vjjgdea@xxai.com,5rjRDohdnN5n,843173
u_50vfrulv,曹若水,u_50vfrulv@xxai.com,EKgihvMuhBAM,848951
u_dkg9gnbx,RiverBaker,u_dkg9gnbx@xxai.com,FCb6cvRNQKq6,803028
u_2620xtlv,ひかりさん,u_2620xtlv@xxai.com,4CKUgQssex4P,524696
u_a0hgdc76,夜の守人,u_a0hgdc76@xxai.com,JbHR1KkEcYda,59618
u_2aejpybb,尹月华,u_2aejpybb@xxai.com,UKkADcFqkAZA,239907
u_bskjfrg0,OliveTrue,u_bskjfrg0@xxai.com,9Vk1QMsUqHrs,797269
u_1eb3njv2,花月,u_1eb3njv2@xxai.com,EKU6qKL5jzF2,455703
u_r706vy7y,叶铁马,u_r706vy7y@xxai.com,Tdg3fUoAmUci,104744
u_34zon31v,あいさん,u_34zon31v@xxai.com,SCvPy9u38DMH,94199
u_9z6byuvj,尹晚风,u_9z6byuvj@xxai.com,TrT3UmttpbFe,473885
u_b4qlzu9x,薛凝霜,u_b4qlzu9x@xxai.com,PXcoznMJbsp9,943951
u_2vg0557v,LilyKing,u_2vg0557v@xxai.com,LcHdhqWdPnZb,692165
u_10vhyxs3,雪の人魚,u_10vhyxs3@xxai.com,R8fR5veohoN4,884120
u_aim97d47,ShadowDancer,u_aim97d47@xxai.com,7XS6WjEcAP5E,127001
u_dq81l4ip,武小鹿,u_dq81l4ip@xxai.com,7GZDpMRenaBa,767358
u_438q9osp,鶯,u_438q9osp@xxai.com,J9xdE8qV873h,208851
u_2w5l8w2w,MorganBaker,u_2w5l8w2w@xxai.com,4aYvrvuMxBPC,783108
u_epfgaes5,HawkBright,u_epfgaes5@xxai.com,GrqqYke69Bzj,218424
u_996si2e1,JaceSwift,u_996si2e1@xxai.com,4PkbuEbz5qo7,467918
u_4i1impa7,何逐浪,u_4i1impa7@xxai.com,FhqEM9HgnkJ4,477915
u_7rf5cex6,孙望月,u_7rf5cex6@xxai.com,6oagMM57LrSt,962018
u_3vwnrwqw,PhoenixMountain,u_3vwnrwqw@xxai.com,5FF84NnQLvfG,387995
u_cnu4y50y,Happy_Lion,u_cnu4y50y@xxai.com,3FDGWew2JU3j,465993
u_ezqfke53,RiverFisher,u_ezqfke53@xxai.com,PHqp1EMLY1NX,931570
u_d8hx984o,贺晴空,u_d8hx984o@xxai.com,URnwAmQTkYW5,942172
u_ci698jfs,FernWild,u_ci698jfs@xxai.com,6otBzTLFz22Z,158612
u_5u27suab,月の賢者,u_5u27suab@xxai.com,Eeo1627QffX6,175913
u_3oqy0we5,江糖果,u_3oqy0we5@xxai.com,CEQcSj6ptuiu,284585
u_8m1pkenz,JadeOcean,u_8m1pkenz@xxai.com,FDeqtJaKMcms,257736
u_2vwasw84,郑深秋,u_2vwasw84@xxai.com,EHnv8JitFbui,379141
u_9g826r5k,余西瓜,u_9g826r5k@xxai.com,D4xXW2a4yGw6,479620
u_7vvjb5bx,潘思源,u_7vvjb5bx@xxai.com,LBBFdEhfVsf8,777147
u_b2r2k3d8,陈莲语,u_b2r2k3d8@xxai.com,WF4mVNnkdAkr,978608
u_74s9kcmv,IvyOcean,u_74s9kcmv@xxai.com,V7MPDND41UTW,378520
u_75wez0aa,SageOcean,u_75wez0aa@xxai.com,9FJqRfnpgmvY,817258
u_by6egzza,霧の猫,u_by6egzza@xxai.com,Ua6X3UGdtGhR,729871
u_rkfw7b17,たくみ,u_rkfw7b17@xxai.com,MHQczxBjKG31,436538
u_bhf3dego,BlazeBright,u_bhf3dego@xxai.com,G175cqFGkHQL,320469
u_93w7gpmu,WindyDuck,u_93w7gpmu@xxai.com,4tqzQUUZgWTS,677192
u_8hle4yr6,韩花落,u_8hle4yr6@xxai.com,PQHfn968bQcZ,363544
u_3h0ang6o,Rainy_Panda,u_3h0ang6o@xxai.com,SX7bEV3X5V95,159725
u_6b9s4x9r,高糖果,u_6b9s4x9r@xxai.com,YThYJeJWT1ah,370765
u_5vkai3ah,冬の使者,u_5vkai3ah@xxai.com,AUZrX3e9y527,448353
u_950fmz8l,GentleFox,u_950fmz8l@xxai.com,CMW9G2B1ugET,234113
u_ecp4rpyu,文云起,u_ecp4rpyu@xxai.com,6t6BEjdRd9Js,129801
u_6acpsvuu,CalmWolf,u_6acpsvuu@xxai.com,MdeexgGmrR6S,279406
u_523bcpi5,東京民,u_523bcpi5@xxai.com,6jumDs38L6d6,738110
u_ckgrzch9,RobinPainter,u_ckgrzch9@xxai.com,CKpnHdcr6UP8,344990
u_7x3rb88r,HopeRunner,u_7x3rb88r@xxai.com,3E4sLYKXReNf,501190
u_3ruljkw6,刘梦回,u_3ruljkw6@xxai.com,T2ktTxEB9KD5,245952
u_b6g8lk5r,夢の王子,u_b6g8lk5r@xxai.com,NrnT4aMtMv1w,559710
u_juwkwvlr,SageWriter,u_juwkwvlr@xxai.com,4VYZDa9kLoTr,123446
u_2rwsri1n,春の犬,u_2rwsri1n@xxai.com,D3trYTzupTBq,651462
u_0j8la9j0,常若水,u_0j8la9j0@xxai.com,MrnmP6DrQCsc,951213
u_et6trvfr,邓慕白,u_et6trvfr@xxai.com,S2BhW1njir8W,646307
u_1u5pt1er,Epic_Frog,u_1u5pt1er@xxai.com,RoxfknxPFtox,832939
u_154545tw,顾葡萄,u_154545tw@xxai.com,LrUFDUP9rUkX,690269
u_b5z2rsf5,常听雨,u_b5z2rsf5@xxai.com,JrFQMx1CN6cQ,747354
u_cczgo2it,BrookWriter,u_cczgo2it@xxai.com,QanypaCPAe8Y,187041
u_6k5sovtn,白含烟,u_6k5sovtn@xxai.com,THt6SktwrvLm,628855
u_ev3oa14z,JordanLight,u_ev3oa14z@xxai.com,6vbR56ech9ve,223433
u_dd9g9n46,RileySmith,u_dd9g9n46@xxai.com,2x5efnswdSPi,20741
u_3kv5zoos,MorganSun,u_3kv5zoos@xxai.com,T1kAZ33vJ6VH,169507
u_8yqf54z2,SethDreamer,u_8yqf54z2@xxai.com,4F7ZLjwUa1xR,567547
u_easavckj,易小麦,u_easavckj@xxai.com,HieeT95HZeW9,502144
u_2quwph44,白思源,u_2quwph44@xxai.com,Vn9pDM4fg9uZ,343096
u_c95dhjbd,李绿野,u_c95dhjbd@xxai.com,93gTSW2cqc5i,171133
u_bk57cb7b,范铁马,u_bk57cb7b@xxai.com,FAJBd83Z5ZwC,625445
u_52418txo,孔晨俊,u_52418txo@xxai.com,SbptPz8KK6Sr,823718
u_55k2jwdx,武浅夏,u_55k2jwdx@xxai.com,Cd2C8uZvcvoT,978431
u_cbq33mxt,MorganDreamer,u_cbq33mxt@xxai.com,XynmicsmxnGj,921655
u_3c2r0mhx,彭心动,u_3c2r0mhx@xxai.com,5FySGUUukNT4,855006
u_2br7dfb0,LarkTrue,u_2br7dfb0@xxai.com,H4ueaaZ8CC5P,640008
u_tuwu2xe4,空の賢者,u_tuwu2xe4@xxai.com,AbZ1HATwmkAE,18807
u_bfvt1hri,OldSoul,u_bfvt1hri@xxai.com,Xf7X3VQgSDDp,287284
u_cfn57bma,昼の王子,u_cfn57bma@xxai.com,63c9xuEzsGF7,495423
u_aabryd15,侯初晴,u_aabryd15@xxai.com,859M1DPtYDJK,236707
u_76364rfs,BlazeCloud,u_76364rfs@xxai.com,HT1sS8uaktp7,936908
u_9d744uxc,PineDreamer,u_9d744uxc@xxai.com,48VYGYJeEThP,767567
u_6jryemau,陈含烟,u_6jryemau@xxai.com,JesLs29b8iMJ,593976
u_9mncvvhs,SunnyOwl,u_9mncvvhs@xxai.com,XFm9nVLk1g57,270936
u_bep07gii,札幌住み,u_bep07gii@xxai.com,SLKFRy7s1Fhz,685445
u_59tttlcz,犬派,u_59tttlcz@xxai.com,RhPQiNXyGgun,953907
u_cennyxxw,蔡望月,u_cennyxxw@xxai.com,QP9nSThdDzfn,811832
u_d2b0cejq,RobinKind,u_d2b0cejq@xxai.com,XbnFCAv4zmkp,626487
u_5dcp9kxu,森の勇者,u_5dcp9kxu@xxai.com,FVMZ3uQyiehP,342452
u_87s2ghol,RyanHill,u_87s2ghol@xxai.com,EkjeFRCdUMuk,783330
u_7btsvuic,林未央,u_7btsvuic@xxai.com,JuWH4kASyvrS,53825
u_dbhxw962,光の子,u_dbhxw962@xxai.com,QXu8qhnD1nDh,894251
u_58vx56rz,白莲语,u_58vx56rz@xxai.com,NxfCEdRsCkLZ,510853
u_ed99z3ik,冬の王子,u_ed99z3ik@xxai.com,K32qbYGg8b5a,691647
u_424kyczv,叶听雨,u_424kyczv@xxai.com,Uw3VYcFHEenQ,856736
u_7r2wt3k4,DawnDreamer,u_7r2wt3k4@xxai.com,GdbdTwvHPrKA,169400
u_f1dmamom,侯铁马,u_f1dmamom@xxai.com,Kduy7CXkNtJ3,415949
u_6y0c906y,BlazeKind,u_6y0c906y@xxai.com,RNH5mAjyD2Kv,293837
u_8eu0jopw,アカ,u_8eu0jopw@xxai.com,EHXpU6Ek1N53,889177
u_3f8d719j,光の旅人,u_3f8d719j@xxai.com,XcXAcFc4uLcm,947391
u_96qcz3h5,EpicBee,u_96qcz3h5@xxai.com,KTEbNNcpx4i5,600691
u_7zy1qqh2,FierceShark,u_7zy1qqh2@xxai.com,AjMF13DekRA6,434523
u_4w8cqwdh,昼の妖精,u_4w8cqwdh@xxai.com,HmFGxVrAtAB4,965870
u_d0dyqa40,海の住人,u_d0dyqa40@xxai.com,WAfa4Y19gUVv,22434
u_cnfa4hhc,BlazeDancer,u_cnfa4hhc@xxai.com,4qp3RNRNvkLm,550773
u_5j127tgi,周柠檬,u_5j127tgi@xxai.com,Y6yF3PBBRgmT,70251
u_aaz0c7at,風の使者,u_aaz0c7at@xxai.com,6mYWKFftxZvq,566417
u_190z2l5t,黄柠檬,u_190z2l5t@xxai.com,3cxueNKoMULj,110246
u_94i6um9s,常含烟,u_94i6um9s@xxai.com,N5rLR9cVxGjn,279397
u_a1u29lda,朝の猫,u_a1u29lda@xxai.com,CKhAf4CcJHFm,761583
u_ec7ur67o,钟梦回,u_ec7ur67o@xxai.com,21LHASxrcBNd,28868
u_2c92s8t3,HopeKind,u_2c92s8t3@xxai.com,RKjt2DoFqHtM,87526
u_4i2xswaz,Stormy_Lion,u_4i2xswaz@xxai.com,JXhGarg2GNch,24079
u_axcinqy7,虹の天使,u_axcinqy7@xxai.com,UJqGEjQX3jrC,386357
u_950vg8sc,NovaKeeper,u_950vg8sc@xxai.com,2qaojMdWJQro,259167
u_eyl86lwe,孙晚风,u_eyl86lwe@xxai.com,RjSGT7FS6QAo,384334
u_2wjgu3qb,RileyStar,u_2wjgu3qb@xxai.com,7Nu6jnDSPs7R,88856
u_5a9zuhid,袁秋水,u_5a9zuhid@xxai.com,XCVJDTcDGFED,538373
u_f2dt2c0s,邓竹风,u_f2dt2c0s@xxai.com,6AFKs5zwPV4K,172226
u_aavr45pz,星の子,u_aavr45pz@xxai.com,6xwp8RuF9yFE,185271
u_f0x5vgzp,毛烟雨,u_f0x5vgzp@xxai.com,EaJmKjcsr4Vw,480422
u_6d4se35n,夏の勇者,u_6d4se35n@xxai.com,BWrgAb5MhCpp,14674
u_8irdigtw,QuinnStar,u_8irdigtw@xxai.com,NSynjSC7jR5u,56096
u_c1uif9pb,胡静好,u_c1uif9pb@xxai.com,EmkhuBUXiqZS,696636
u_epoenv75,罗小麦,u_epoenv75@xxai.com,PxjNoLY6wA5r,569588
u_ejgzjvmt,ChessMaster,u_ejgzjvmt@xxai.com,GQEwaqu4QexX,404441
u_95gzzfpc,SethBaker,u_95gzzfpc@xxai.com,NoM5sWTVgyJo,561414
u_9vka8elm,横浜好き,u_9vka8elm@xxai.com,65UZYtcWDeFm,424194
u_7s2fars9,阎晚霞,u_7s2fars9@xxai.com,7pSp1kFVXaze,243271
u_e6s7cga9,夜の姫,u_e6s7cga9@xxai.com,9jDyFSufDHkp,645607
u_b85r6h1p,MaxHunter,u_b85r6h1p@xxai.com,KbxxWRnAxZ4n,217488
u_f3qf5jo3,EvanRiver,u_f3qf5jo3@xxai.com,CeKJNLz8tJHw,924951
u_80qlyp65,贾锦时,u_80qlyp65@xxai.com,YMqKyYXDSJjf,391975
u_6rhwuo8a,梁星辰,u_6rhwuo8a@xxai.com,22A4xjXLnt3C,380624
u_egciq623,何浅夏,u_egciq623@xxai.com,SwWMwSSC7XXD,444425
u_88a6schp,武微澜,u_88a6schp@xxai.com,GRjiuAefgpAQ,637287
u_014meua4,DarkEagle,u_014meua4@xxai.com,WKzrxcuKWFVC,189212
u_36gy11u2,黎松涛,u_36gy11u2@xxai.com,SoVGSc2MD4up,803027
u_3v4ja06o,毛日暮,u_3v4ja06o@xxai.com,W8scAtJ7mwYS,559355
u_19wd6s3f,ZoeRiver,u_19wd6s3f@xxai.com,2QQdHxQ1qQnN,755286
u_6oo9mj2y,春の天使,u_6oo9mj2y@xxai.com,SvrJz2PKXchH,39354
u_adbhikmq,JoyBuilder,u_adbhikmq@xxai.com,2ztZHwXGxdeH,873782
u_cy8f3c2f,Happy_Cat,u_cy8f3c2f@xxai.com,T8diCruT8FpN,988241
u_106v7xmo,牡丹,u_106v7xmo@xxai.com,CrA2Szb4ho3E,235465
u_3ks824v8,董铁马,u_3ks824v8@xxai.com,4uRbqj58Faj7,180900
u_4p8lairx,QuinnWriter,u_4p8lairx@xxai.com,KvPRZTtbgpVj,388608
u_6irdcaau,冬の騎士,u_6irdcaau@xxai.com,EuXyfhM1nkJz,311131
u_ebzfxrtj,潘竹风,u_ebzfxrtj@xxai.com,VD1Uz7W4jJTU,258714
u_3q53bcjx,苏落雨,u_3q53bcjx@xxai.com,E2JHKvEWib9M,32606
u_9ne8i0m5,深海,u_9ne8i0m5@xxai.com,JnscPP93dJue,563430
u_rt4kjigi,Happy_Panda,u_rt4kjigi@xxai.com,RpEiZNYmmsU2,630625
u_1d26lrzl,BlakeBuilder,u_1d26lrzl@xxai.com,Kq73crPhxKSC,564514
u_77t19lwi,朝の姫,u_77t19lwi@xxai.com,4tDvfsWbvhXd,84879
u_3iilgzpk,MorganWind,u_3iilgzpk@xxai.com,JTFJZHuHSEar,56429
u_4q54d996,みずき,u_4q54d996@xxai.com,XaBgfGYwwfLi,706922
u_av389b57,HopeWood,u_av389b57@xxai.com,7qUPuLYLJbKt,113593
u_7ek4s6kw,強い心,u_7ek4s6kw@xxai.com,Sh2Rgq99FYDD,548782
u_76gy9yhk,LazyDeer,u_76gy9yhk@xxai.com,BYozRq1wtKdm,877480
u_2tphdkes,江草莓,u_2tphdkes@xxai.com,86kdoTEQ4j1C,210289
u_ql42d6tt,つばさ,u_ql42d6tt@xxai.com,7xeSntXhyMc7,627662
u_9h185msm,夢の守人,u_9h185msm@xxai.com,9HuW2pb7hfXY,813537
u_7fbgarda,爱吃草莓的小狗,u_7fbgarda@xxai.com,XgR6rmayK9QQ,119542
u_ad6a2zrz,宋浅夏,u_ad6a2zrz@xxai.com,2WvFgcBqKT9u,825235
u_3jdwoj57,康铁马,u_3jdwoj57@xxai.com,41AreUMAHJg1,816433
u_2d51ne03,KaiKing,u_2d51ne03@xxai.com,REZSX7zGDVx9,457917
u_7r6k0zbq,AveryMoon,u_7r6k0zbq@xxai.com,Etk1yu6BdSoD,732756
u_1snot8ap,霧の人魚,u_1snot8ap@xxai.com,Y9zYVwEYqBHv,953158
u_27scqj0a,空の犬,u_27scqj0a@xxai.com,CUANFyrb5APx,577206
u_5tq72r9g,钟清风,u_5tq72r9g@xxai.com,7QC2woaAUogG,446006
u_94ftwbl7,WindyShark,u_94ftwbl7@xxai.com,ENTiPVCr7cJV,904136
u_2ozah6e4,孙秋水,u_2ozah6e4@xxai.com,SuchizjknQDW,608527
u_42jc4e7v,スイ,u_42jc4e7v@xxai.com,SrPUQ2rSWahp,999559
u_b339mt12,Crazy_Owl,u_b339mt12@xxai.com,4spR2Q3diFhw,232435
u_2r1fuey7,WillowDark,u_2r1fuey7@xxai.com,LxCXQZycpVyE,728189
u_41eqm9um,ユキ,u_41eqm9um@xxai.com,DrgVrdrVKioA,40555
u_5he53e6w,HawkKeeper,u_5he53e6w@xxai.com,QVNfzrpeSUwg,739707
u_2svukq90,PineMaker,u_2svukq90@xxai.com,EFwXcn2FufWJ,688617
u_6m7eszud,江暮色,u_6m7eszud@xxai.com,V9o9JAUCHk68,434125
u_31ck8rwz,星見る人,u_31ck8rwz@xxai.com,FKZRK6PFZQ7Y,824080
u_2yj3odhd,クロ★,u_2yj3odhd@xxai.com,VsG6pzzFc1WC,809067
u_8rfsny5a,空の魔女,u_8rfsny5a@xxai.com,9f1XBhJV2q4H,590489
u_108pr45j,许长安,u_108pr45j@xxai.com,EqmmFb9yYJ1W,738897
u_euz7hu8h,卢若水,u_euz7hu8h@xxai.com,D4M9Dx3WBff1,239527
u_ew7lvxbd,RainBaker,u_ew7lvxbd@xxai.com,KpZMkynKtYxK,836193
u_6my8ppt0,朱铁马,u_6my8ppt0@xxai.com,LuZDLXjSn9UA,929905
u_a5ccskz4,田归途,u_a5ccskz4@xxai.com,XwFjsAW4xNb4,777802
u_18k4rt4l,BirchHill,u_18k4rt4l@xxai.com,Sc3gzNN7f6sg,63447
u_5hff9fld,MaxMountain,u_5hff9fld@xxai.com,Dv2yzB7Qz19U,844292
u_2344bndq,碧空,u_2344bndq@xxai.com,86xziyaSY28k,342252
u_76lmqy69,RiverTrue,u_76lmqy69@xxai.com,Rexb48SHRJ8z,654020
u_b38mx03n,段兰心,u_b38mx03n@xxai.com,PJ2AmW6LEQb6,466208
u_cumtbims,FaithRain,u_cumtbims@xxai.com,DuWTunApoGS7,586428
u_b5iy0kyc,Epic_Wolf,u_b5iy0kyc@xxai.com,BWYYKQSwUKTc,887696
u_182hwu36,BrookDreamer,u_182hwu36@xxai.com,3QTH13GAoHTH,551827
u_7d2abq72,叶稻花,u_7d2abq72@xxai.com,4SX7MTe9Gvqf,841800
u_dr8udpjl,徐芒果,u_dr8udpjl@xxai.com,R2gXyPPjx8CM,508061
u_2qa54j39,風の天使,u_2qa54j39@xxai.com,2hWKCkJoMtgn,131675
u_cuu0cn0w,孙思源,u_cuu0cn0w@xxai.com,WKMhNKyLk5Pz,417141
u_3h0amohr,PearlSwift,u_3h0amohr@xxai.com,MEVazvHcnBVZ,286626
u_cetsq2yu,SethDancer,u_cetsq2yu@xxai.com,Jb5df61ETo4R,915436
u_6twp41x8,風の勇者,u_6twp41x8@xxai.com,N1xzLVZTDdev,391197
u_22w6weuv,范柠檬,u_22w6weuv@xxai.com,FpjpM2xV81En,744578
u_9qr01cjs,RobinOcean,u_9qr01cjs@xxai.com,JD2QCKLSLEGa,149216
u_1a0omq01,江烟雨,u_1a0omq01@xxai.com,W8qQHEdCWg1F,706576
u_43932mpy,韩铁马,u_43932mpy@xxai.com,Xe2s9xgtAatB,979603
u_6kd08e5x,谢倾城,u_6kd08e5x@xxai.com,SrSo9URL85aK,667366
u_f3u2lbdd,Crazy_Whale,u_f3u2lbdd@xxai.com,6apAp8PJo7yU,541230
u_ejy8twf3,アメ★,u_ejy8twf3@xxai.com,KBXeGs49aRZm,247647
u_1y71363e,月の守人,u_1y71363e@xxai.com,M1dcj7rWEsmG,28009
u_3xeyim51,DrewWood,u_3xeyim51@xxai.com,TFwAzBvV64oY,450996
u_b4j74f40,光の犬,u_b4j74f40@xxai.com,6Q79X9rNctzE,60733
u_8tiowsj0,唐望月,u_8tiowsj0@xxai.com,UkXHf2JChQvU,894786
u_bqp3u8gr,みどりちゃん,u_bqp3u8gr@xxai.com,Mgvr1Lt2nzys,315151
u_2g8wbyo7,RainMaker,u_2g8wbyo7@xxai.com,6G6hva5AStLK,694713
u_bpdszszy,昼の猫,u_bpdszszy@xxai.com,WYtASh5VFhAN,981996
u_6mehnsz5,曹叶飞,u_6mehnsz5@xxai.com,rmmY7oSbLiiN,897898
u_brv0egas,秋の人魚,u_brv0egas@xxai.com,6Fcr85eWcSUY,273939
u_5j8lth8m,まほちゃん,u_5j8lth8m@xxai.com,5xtSWjCPpUwJ,336962
u_asb0txc0,FaithSmith,u_asb0txc0@xxai.com,EXwa9MBAK9tw,55363
u_dxhaq6gn,LarkBaker,u_dxhaq6gn@xxai.com,KBGPBn9YwDuE,497585
u_e6i32xn5,HopeMoon,u_e6i32xn5@xxai.com,FBLyJssykFN9,449603
u_bonqwylf,Tiny_Fox,u_bonqwylf@xxai.com,W6LcUbLhqJjQ,503517
u_c7ngtt95,冯稻花,u_c7ngtt95@xxai.com,5xwcuyiRc3nW,863939
u_3o4qwuir,けい,u_3o4qwuir@xxai.com,RuRMxt6VPXCB,857877
u_b1e5n5ec,曾安然,u_b1e5n5ec@xxai.com,Cc7tjBaR2geP,14297
u_9m9id6oy,つばさちゃん,u_9m9id6oy@xxai.com,GkTu5xS48XRS,111909
u_e4etqyim,崔含烟,u_e4etqyim@xxai.com,A4rjYR48UC2U,977625
u_mv03p592,HopeMaker,u_mv03p592@xxai.com,AtDWg51PKrjM,119771
u_8ozvw3d6,花の住人,u_8ozvw3d6@xxai.com,G5wjn4jfxtRa,15257
u_zzda4o0b,SpeedRunner,u_zzda4o0b@xxai.com,YS6KUsFtwfnE,319261
u_7u1uxsfv,孔凝霜,u_7u1uxsfv@xxai.com,Y8ZofjKbZVTa,805773
u_dt9p2pev,冬の鳥,u_dt9p2pev@xxai.com,JCrK2TNtkYj6,885946
u_dmjdv3ig,王兰心,u_dmjdv3ig@xxai.com,BBcUDVs3Ma6p,901349
u_ae982z21,福岡っ子,u_ae982z21@xxai.com,Ab5uA8boxyGU,640651
u_6cqdcrg4,DawnBuilder,u_6cqdcrg4@xxai.com,Sn39iwmAZamY,685337
u_7f0io28d,夏日暮,u_7f0io28d@xxai.com,9kotQBdTkE1s,372249
u_6ndd1yyp,AlexWalker,u_6ndd1yyp@xxai.com,Tu3MSnWhxCaY,672339
u_2azxhbb5,PineBold,u_2azxhbb5@xxai.com,BU1FFdQj1CeT,588359
u_1f40s488,雷小麦,u_1f40s488@xxai.com,9Yw9gaHF1fov,340668
u_c171t2ea,JoyRider,u_c171t2ea@xxai.com,MmCb4JstB7jr,713383
u_2jkzc59k,HopeFire,u_2jkzc59k@xxai.com,D8PKjRxaTovH,196605
u_7miiwd5z,春の妖精,u_7miiwd5z@xxai.com,WpAcuNMjFVeZ,664795
u_8jf85tw4,FaithSwift,u_8jf85tw4@xxai.com,72EaTzu2NEVs,786072
u_1gjxibbk,龚晚霞,u_1gjxibbk@xxai.com,GEUMkKztJCgJ,396977
u_dcukb1yi,萧听雨,u_dcukb1yi@xxai.com,4iygNUgGTyzD,426948
u_2nmnzpw6,ChillShark,u_2nmnzpw6@xxai.com,VJL58RMhX8cV,369952
u_19xmhbif,WildFish,u_19xmhbif@xxai.com,NynscXT8SvC1,730441
u_e2gyglof,VioletMoon,u_e2gyglof@xxai.com,Q4Kmp3Sn6Rwm,891514
u_di1qvhv3,姚紫霞,u_di1qvhv3@xxai.com,9cfWWZdHvj4u,205649
u_clzf1svp,月の勇者,u_clzf1svp@xxai.com,FLYsAtVnb8yc,321270
u_3o52drs1,CedarDreamer,u_3o52drs1@xxai.com,MZad872gafiS,825143
u_52ekoirp,侯梅香,u_52ekoirp@xxai.com,JZuoFBQ1qNGw,178463
u_1idlh9nh,钱素年,u_1idlh9nh@xxai.com,35iGxyVuFuSV,214971
u_1vs7nq5q,邱初晴,u_1vs7nq5q@xxai.com,J1NCz6MyJLSv,21652
u_5mp0kn2c,カゼ,u_5mp0kn2c@xxai.com,8oF4xPN6szDf,824783
u_7wvrupa3,もも,u_7wvrupa3@xxai.com,TZDAQN8etCT4,995910
u_6fyrh0nh,冯霜降,u_6fyrh0nh@xxai.com,HTkB39Qr2UJX,184735
u_a217eb1q,乔倾城,u_a217eb1q@xxai.com,GR3D1Q9RDnMb,730003
u_cjvs4gjd,邵半夏,u_cjvs4gjd@xxai.com,r8oQiMKNTEu2,517770
u_dqigjtg1,映画好き,u_dqigjtg1@xxai.com,YBXpy9ZPHASE,1687
u_7j7xqzy9,FinnFire,u_7j7xqzy9@xxai.com,XpMfx2Z1dzv5,232254
u_75z61zbx,韩素年,u_75z61zbx@xxai.com,13X1SWa13YxX,657410
u_j1rfdgtt,アオ,u_j1rfdgtt@xxai.com,GrWsEN77S8bD,441343
u_dbdgysky,雪の勇者,u_dbdgysky@xxai.com,HVuzepQbjtk5,589409
u_6h4llyql,たけし,u_6h4llyql@xxai.com,66FWs4yLsG8q,443366
u_b0b25xsv,RoseOcean,u_b0b25xsv@xxai.com,2ZLCpBKgdX21,12891
u_1liaoq45,石月华,u_1liaoq45@xxai.com,TAo1qfCsvH1r,288673
u_8ootlxbm,EdenSky,u_8ootlxbm@xxai.com,53VnFXsBfqA5,746068
u_e9648glf,田糖果,u_e9648glf@xxai.com,AT77nMDMKcur,127572
u_botdfqt3,FinnWood,u_botdfqt3@xxai.com,AG6sAG6rrfJX,404744
u_djpvqot6,段松涛,u_djpvqot6@xxai.com,H3exvNeGG76J,504552
u_cxq4zwt0,想吃火锅,u_cxq4zwt0@xxai.com,XDcjyKSUBAwA,52596
u_8v8767cf,雪の守人,u_8v8767cf@xxai.com,NgDn2HwMyZYo,328224
u_67hgeyxa,胡晚霞,u_67hgeyxa@xxai.com,UzrjKvYYEcjf,80618
u_242ftsz3,BlazeSeeker,u_242ftsz3@xxai.com,WL5Scps3birR,503552
u_exoj603m,RiverWriter,u_exoj603m@xxai.com,FFDkguhBgwX9,694823
u_c1owravt,WolfLight,u_c1owravt@xxai.com,4yTVNcx5FszZ,59145
u_5x8icv6z,ZoePainter,u_5x8icv6z@xxai.com,PjC7sJTtQaow,584667
u_9y3w0bpv,海の猫,u_9y3w0bpv@xxai.com,HRs7tbiS8EZ2,381314
u_7y2aqlk1,AmberKind,u_7y2aqlk1@xxai.com,XmYqghRqBAMg,946897
u_17g0sati,WrenSwift,u_17g0sati@xxai.com,KUM5N7jaWtF8,225448
u_ez1n96ug,秦落雨,u_ez1n96ug@xxai.com,CMMLLZ3ZLX34,40006
u_axbqbg7s,胡如初,u_axbqbg7s@xxai.com,3y5YfAfLMQk4,581533
u_2h8bvo2w,光の姫,u_2h8bvo2w@xxai.com,YKe7J2Rv5AxD,355466
u_a8msgijb,FaithKind,u_a8msgijb@xxai.com,Y2a1xeTAnAQY,150588
u_2nai268p,姜锦时,u_2nai268p@xxai.com,WptQekc8z8qP,743865
u_eu6fgbqk,孔朝露,u_eu6fgbqk@xxai.com,572coQUTYb5J,761442
u_1oje8zrt,邓晚霞,u_1oje8zrt@xxai.com,9HD13vwEYu1M,968688
u_6975blta,吕春风,u_6975blta@xxai.com,LAvn6TTdTnLZ,893221
u_besvg4z7,邵花落,u_besvg4z7@xxai.com,KhuNkzj2Xyts,808915
u_8l5sop7n,SageRunner,u_8l5sop7n@xxai.com,PtHsmpwKCMpy,601825
u_admp8duy,ヒカリ,u_admp8duy@xxai.com,AK4Ni74dtK8w,105206
u_d589vke0,MapleRider,u_d589vke0@xxai.com,95E2K4638dQT,275185
u_16zegbjr,AspenBold,u_16zegbjr@xxai.com,BSRmyh1PgbQN,526295
u_8lzyj5ka,沈清风,u_8lzyj5ka@xxai.com,4U52fc8p432j,163825
u_2e14h3g5,ひかり,u_2e14h3g5@xxai.com,FSUNDBpVHAFJ,282369
u_39l9tpv7,田青云,u_39l9tpv7@xxai.com,7kuvgy4dFKuA,587594
u_28cvd03e,OakBuilder,u_28cvd03e@xxai.com,HqFAmeYp6u7s,282458
u_1esv7j54,夜の王子,u_1esv7j54@xxai.com,37J5xK79Awzr,762665
u_5h2wlhcr,黎夏雨,u_5h2wlhcr@xxai.com,BFKPpjVanJRk,266841
u_8uq2uf0o,そうた,u_8uq2uf0o@xxai.com,Fax1ew8fDkda,104632
u_eq4pkymu,傅静好,u_eq4pkymu@xxai.com,26G88VzaYUw6,270005
u_nzv3hobd,WolfMountain,u_nzv3hobd@xxai.com,K7qdUHtx4xko,710323
u_6dmwph3i,龚若水,u_6dmwph3i@xxai.com,F7p4KHGugYVs,974928
u_bkc70gi2,薛落雨,u_bkc70gi2@xxai.com,Cp52USRaAyzp,169649
u_awrahrl4,刘落雨,u_awrahrl4@xxai.com,PiK7E5qFu7mx,887697
u_7nwtcsow,StormOcean,u_7nwtcsow@xxai.com,UGPCQe3vaE5F,978083
u_3mfzwhlz,秋の使者,u_3mfzwhlz@xxai.com,74Nx7PUZGcdM,656763
u_5hkt3wkl,Stormy_Whale,u_5hkt3wkl@xxai.com,Q5A8SUjoKUQg,456364
u_94r1qylb,のんびり君,u_94r1qylb@xxai.com,Y4upQw8MpqUT,528299
u_9y1lu92v,梁叶飞,u_9y1lu92v@xxai.com,PdU2WWNvKFPt,843174
u_c0cladwp,BirchSky,u_c0cladwp@xxai.com,UnVdXfXb83gh,446248
u_brw6s2l7,LeoWriter,u_brw6s2l7@xxai.com,6CoDXupJEWRW,990347
u_8uc7x4gw,KaiSun,u_8uc7x4gw@xxai.com,Gt4zWjMUA7fR,717790
u_8kkenqxu,孟含烟,u_8kkenqxu@xxai.com,VFofBVU8iZkm,482095
u_4yuc3mgd,BlakeSwift,u_4yuc3mgd@xxai.com,Qhfm3WNdy3eB,496789
u_amtz7hvy,CaseyCloud,u_amtz7hvy@xxai.com,Lw6X7EDz9QLT,457626
u_4ajvljvh,石安然,u_4ajvljvh@xxai.com,KcTa5itHBKwd,97325
u_7faayyva,雨の精,u_7faayyva@xxai.com,MZttTVeTypNE,581361
u_es21fpyy,毛归途,u_es21fpyy@xxai.com,3PGf62cF16ba,368806
u_d84gxazm,SethBrave,u_d84gxazm@xxai.com,14HF7hFHyoHN,208148
u_1hxi0l5t,FoxSun,u_1hxi0l5t@xxai.com,LysXDCGgwN4S,787634
u_6977wpff,朱追光,u_6977wpff@xxai.com,UgQ5ocmn8S9z,625588
u_jikqmhd1,薛踏雪,u_jikqmhd1@xxai.com,FwR2yrvdj6HU,55316
u_189xxkk0,SkySeeker,u_189xxkk0@xxai.com,6N6GnEU4bhfD,325468
u_d9dlsss8,京都人,u_d9dlsss8@xxai.com,MF62A4L5xJun,678148
u_45gtih7m,WrenStone,u_45gtih7m@xxai.com,KxhEgMzqKiia,108638
u_8lir1ibw,赵夕阳,u_8lir1ibw@xxai.com,XfuPS1xKSHCB,521636
u_bxxdfpd3,IvyDreamer,u_bxxdfpd3@xxai.com,VnfbqCeoVvqC,714641
u_15c6luu6,CaseyKind,u_15c6luu6@xxai.com,GGJr3LkbVwcL,319965
u_74rztqis,森の兎,u_74rztqis@xxai.com,3hokNz1B7m88,360027
u_dqymqeto,QuinnField,u_dqymqeto@xxai.com,DRu4wpVS7yfV,631608
u_eg8n1547,BrookSmith,u_eg8n1547@xxai.com,NKzLFCeMBQj8,796728
u_9cevge72,月の子,u_9cevge72@xxai.com,RnEhVMziDCoY,491543
u_85qq9v5d,薛初晴,u_85qq9v5d@xxai.com,6EvXaBVpoamU,415570
u_9a9lj5bo,BirchFree,u_9a9lj5bo@xxai.com,9NgsDhg9wCSD,388566
u_01wgp3nn,横浜住み,u_01wgp3nn@xxai.com,CSdicHLkXksB,216475
u_3bowurb1,茜色,u_3bowurb1@xxai.com,DTPe718BqSo1,52404
u_bzmua48x,徐小鹿,u_bzmua48x@xxai.com,PoVmDCYqR79S,655004
u_96e1ez8i,许晴空,u_96e1ez8i@xxai.com,KtKbESSjpuTo,554863
u_5w4tj43e,白凌风,u_5w4tj43e@xxai.com,YMpLgvw7miN3,557455
u_5d10uk02,余倾城,u_5d10uk02@xxai.com,FWfELEEnadKR,893804
u_2qaroo8y,卢小鹿,u_2qaroo8y@xxai.com,5ybEnkzNQhHr,504904
u_38h8jt2g,SamMountain,u_38h8jt2g@xxai.com,JezGydJ1vS58,858067
u_ck639vr3,QuinnLight,u_ck639vr3@xxai.com,J7ccQC6rAsjf,340757
u_cp6dajk1,CaseyKeeper,u_cp6dajk1@xxai.com,YpgX9EkR6CN1,981397
u_ekcobyx9,みずきちゃん,u_ekcobyx9@xxai.com,4x5fipcC2Tge,519672
u_bur4zcxo,曹似锦,u_bur4zcxo@xxai.com,32TcX6vn8Cp3,645156
u_cd3p3msb,DarkWolf,u_cd3p3msb@xxai.com,E4FcrUBvXDPe,486452
u_cpbq66ey,白惊鸿,u_cpbq66ey@xxai.com,9EELyrgEaRQ8,144777
u_f1m9rkbf,JadePrince,u_f1m9rkbf@xxai.com,KWt5y4nbBPBH,718181
u_bjn2ely6,邓凌风,u_bjn2ely6@xxai.com,QjMtFHDB4p8E,694976
u_c6e6n2sa,あかり,u_c6e6n2sa@xxai.com,B5J9exnFRd7w,867299
u_66a8hw5g,邱月华,u_66a8hw5g@xxai.com,3LeY5MVMx5zk,945245
u_5g59sxv2,SagePrince,u_5g59sxv2@xxai.com,7jiKyC2MUMMp,259867
u_emf43i5l,朝の天使,u_emf43i5l@xxai.com,TK9WKBgMzAFq,149133
u_85na4mpq,江思源,u_85na4mpq@xxai.com,SxyDe7ZvMoFG,922557
u_a45hpaw5,抹茶,u_a45hpaw5@xxai.com,KwuhyCSSKPpa,838456
u_b6dnr1cx,雪の使者,u_b6dnr1cx@xxai.com,Bz1kuj4g6Bu5,481106
u_84zp1rks,钟柠檬,u_84zp1rks@xxai.com,Qt9EFSxtCXgT,981633
u_0rcsmrx8,熊海角,u_0rcsmrx8@xxai.com,WthJH1hG2gXM,577519
u_8u0stemn,RyanWild,u_8u0stemn@xxai.com,TrGMZYnWDWr5,835839
u_bbkkkl31,高惊鸿,u_bbkkkl31@xxai.com,HH8MbQxLVHBt,427938
u_3h3j6ald,紺碧,u_3h3j6ald@xxai.com,6NsLmkUhSpWW,313460
u_8kr6eeoq,HazelSeeker,u_8kr6eeoq@xxai.com,HRWWXF2k6Nob,569864
u_6ceb66my,WrenPrince,u_6ceb66my@xxai.com,LRgS58jxNHBw,591016
u_1ue5byt2,高深秋,u_1ue5byt2@xxai.com,RG1nPX6R5Xf7,807860
u_a7lh23a7,毛未央,u_a7lh23a7@xxai.com,G9JzibaMVo4D,192202
u_cr2lna4g,ElmRain,u_cr2lna4g@xxai.com,KXc2iYXpwD6V,848983
u_3dfin128,梁梦回,u_3dfin128@xxai.com,JqWpng7GqBf7,219025
u_76l0dy8i,曹月华,u_76l0dy8i@xxai.com,8cuj1BRJzU1X,519409
u_3i7828py,風の魚,u_3i7828py@xxai.com,NJwjFMZxS4Eb,496063
u_8hi5hf67,魏雪舞,u_8hi5hf67@xxai.com,5fSh8xc61MgU,527328
u_jm8mixqg,赵葡萄,u_jm8mixqg@xxai.com,JkuWpt6UxDB5,997777
u_eftig47f,はるか,u_eftig47f@xxai.com,Ls77wBoAWRyu,348226
u_82bctmpd,JordanDreamer,u_82bctmpd@xxai.com,9nwyk4RqgZAt,530290
u_awz8grc1,春の鳥,u_awz8grc1@xxai.com,EATGkYqFQ2Mc,316590
u_ezvc01p0,睡蓮,u_ezvc01p0@xxai.com,6BaLSNQG5HSb,254633
u_az5lxq3n,みく,u_az5lxq3n@xxai.com,H4jr9qN5HbLK,140604
u_b7ywmeun,杜玉米,u_b7ywmeun@xxai.com,Z6eCfm7BQsYC,500191
u_bft81514,空の天使,u_bft81514@xxai.com,UJCQPSMZR19z,900215
u_3g1p9zav,康花落,u_3g1p9zav@xxai.com,5H5cmneHKC6Q,48193
u_1hon7od7,萧素年,u_1hon7od7@xxai.com,WnHB7FHDzG7t,843749
u_9i9o31qy,AshFree,u_9i9o31qy@xxai.com,NwW6Nmxtemi8,570580
u_2gyszoet,陈樱桃,u_2gyszoet@xxai.com,4WgL8PSFNALh,79794
u_9wc04hbc,星の妖精,u_9wc04hbc@xxai.com,2eFRSkrW9seZ,442092
u_c7jt6ejm,AshBuilder,u_c7jt6ejm@xxai.com,HZzD8rjJw2aF,960405
u_4mrs8j51,ShadowMaker,u_4mrs8j51@xxai.com,EP5xan1soJs9,633006
u_4s0kcoei,吴追光,u_4s0kcoei@xxai.com,PXjG2QniQ2yE,575952
u_qtvqizub,崔晚风,u_qtvqizub@xxai.com,MEkE99ixHnZj,120553
u_do2xx4b7,CharlieMountain,u_do2xx4b7@xxai.com,Wh4t4y4436sU,199249
u_c08ewq82,こはる,u_c08ewq82@xxai.com,7yeUvA6988JF,811199
u_5p3potrv,しおり,u_5p3potrv@xxai.com,RYxAmyAYaoY4,29116
u_bq1btuw5,星の勇者,u_bq1btuw5@xxai.com,TxT3NgxKgAak,483722
u_a0hxls5f,DrewFire,u_a0hxls5f@xxai.com,849Cqa3zr4aw,639409
u_bl7d557o,龙凌风,u_bl7d557o@xxai.com,AStJ4eXTFugu,217758
u_4gjcalqd,雷心动,u_4gjcalqd@xxai.com,WPi1bmR14YXM,769151
u_b7kisl6b,モモ★,u_b7kisl6b@xxai.com,9vFTK53a3RxF,820715
u_1uh6mkw8,JaceQueen,u_1uh6mkw8@xxai.com,E2dNvuywuGBP,262692
u_4shw2k87,Calm_Fox,u_4shw2k87@xxai.com,yAJw688ACw53,714286
u_3n6e5c3x,朝の守人,u_3n6e5c3x@xxai.com,7UcYVoqQwVte,480206
u_dhir2k2a,韩暮色,u_dhir2k2a@xxai.com,EiWBovRD4LFi,256654
u_f03ljc97,SkyFisher,u_f03ljc97@xxai.com,E789Eq1N51z5,441444
u_c4ai9her,苏似锦,u_c4ai9her@xxai.com,M12useqQfQxM,830633
u_7iaelbdu,毛倾城,u_7iaelbdu@xxai.com,12LHrhRBhW4R,494278
u_7icgk5o5,Wild_Owl,u_7icgk5o5@xxai.com,LkgLe1YC4YsR,143243
u_7ozsv3kq,刘天涯,u_7ozsv3kq@xxai.com,E1QkdGhzuUDZ,905286
u_2kn8kznb,孟梅香,u_2kn8kznb@xxai.com,KiFs6t1TtUJE,822759
u_amv1irzz,丹頂鶴,u_amv1irzz@xxai.com,YStC8SrCkz78,979484
u_4qv8aowd,张素年,u_4qv8aowd@xxai.com,BkTyqAZC3L49,87923
u_675mnprv,邱归途,u_675mnprv@xxai.com,4DoFH95mXYJa,586011
u_59p7qv96,阎飞花,u_59p7qv96@xxai.com,LAwQ4uBcAqmJ,391322
u_attobtat,Lucky_Fox,u_attobtat@xxai.com,GCjKLNyzmQwT,797822
u_crkn8iwp,LeoOcean,u_crkn8iwp@xxai.com,9VCyF5Z4ynS8,541495
u_ejiy2br5,石夏雨,u_ejiy2br5@xxai.com,5ubrhoEyYYVv,402048
u_41ubcsef,康石桥,u_41ubcsef@xxai.com,LzqC7NHcqFfn,905068
u_bt58swsg,DrewField,u_bt58swsg@xxai.com,SFqan7RngbJ1,305672
u_e4a7zk92,海の賢者,u_e4a7zk92@xxai.com,VwYzNsTTyTPx,102619
u_f3zt9ai3,風の鳥,u_f3zt9ai3@xxai.com,2UHg9NhJngnS,935650
u_35iot12b,MaxKind,u_35iot12b@xxai.com,VtBQpeVHVCDT,441107
u_3ft7zul8,ぽかぽか,u_3ft7zul8@xxai.com,NWRfKAxJJUxY,997668
u_4iysrsnf,李秋水,u_4iysrsnf@xxai.com,4WrDsKAnWc7m,235923
u_5ulch7x1,FaithOcean,u_5ulch7x1@xxai.com,5mTJvDmkJ8c4,361042
u_4wrcf628,林惊鸿,u_4wrcf628@xxai.com,SoBm6aX58Kv3,51629
u_87c44mie,余清风,u_87c44mie@xxai.com,CJnjMT6sXEay,907274
u_fh7c8m78,FrostHill,u_fh7c8m78@xxai.com,PTARDw3pq4tZ,407489
u_2y0hhp52,森の人魚,u_2y0hhp52@xxai.com,5JwV9x6NGE1E,465263
u_9y91hk2e,BassDrop,u_9y91hk2e@xxai.com,M9SjdZLt1ZHk,546145
u_4d2l9g0t,尹近水,u_4d2l9g0t@xxai.com,GSidi9iRd7DF,212454
u_11mpdrih,虹の騎士,u_11mpdrih@xxai.com,6bbicyhp277c,749597
u_7lozrvc5,史清欢,u_7lozrvc5@xxai.com,FC5yWQvTBzeC,779581
u_6rbwtx9i,赵紫霞,u_6rbwtx9i@xxai.com,Sb46vwbEyi1B,865403
u_14h2gi44,れいちゃん,u_14h2gi44@xxai.com,DhQnNB7shSMe,471604
u_cz4f5yeb,黄锦时,u_cz4f5yeb@xxai.com,Cg3jB8Fa2vSe,954308
u_xvly1o8v,春の猫,u_xvly1o8v@xxai.com,LxXJKD6fSjtU,596225
u_cetvmoyj,BlazePainter,u_cetvmoyj@xxai.com,4P1rX7RQCFZJ,480747
u_84f5dl03,CedarRain,u_84f5dl03@xxai.com,SFkDzSvCyGjJ,427724
u_bjiw7xf1,番茶,u_bjiw7xf1@xxai.com,VGTquShsg1Hf,910665
u_al6z3s8v,廖念旧,u_al6z3s8v@xxai.com,WRxR3ENDV4fB,669129
u_3ygxvq8n,高飞花,u_3ygxvq8n@xxai.com,AJRKPR9zEKBi,871971
u_bbiep52d,雪の兎,u_bbiep52d@xxai.com,Ja9dmjz6NY55,960039
u_eqh10g3v,JordanTrue,u_eqh10g3v@xxai.com,DuabFaEmLSg3,270647
u_28zgp20w,蒋柠檬,u_28zgp20w@xxai.com,S9YJuNbd7oTR,187124
u_4ztmlt5l,SethWriter,u_4ztmlt5l@xxai.com,Y11b3Dxm1C12,104706
u_015ylaw2,吴莲语,u_015ylaw2@xxai.com,DgmzU5FYWP9Z,586637
u_borintrf,DawnRunner,u_borintrf@xxai.com,WSVcdrHquBgg,114450
u_6lckw903,冯素年,u_6lckw903@xxai.com,TuYM12kepzh3,440297
u_3r4ltm6n,AmberPlayer,u_3r4ltm6n@xxai.com,SYqm4MJVjMFG,508235
u_c5kgsws8,横浜民,u_c5kgsws8@xxai.com,6YBbXeh9PPbF,27925
u_2pxm1kat,蔡莲语,u_2pxm1kat@xxai.com,BniwAzviiTSr,594252
u_c0d8srsm,文小麦,u_c0d8srsm@xxai.com,K8NHcH1w51EC,536363
u_74lgnqo9,何葡萄,u_74lgnqo9@xxai.com,F8RrnagwJpxh,35992
u_19c8qn3q,CharlieSmith,u_19c8qn3q@xxai.com,7geKEFHRk3Az,225830
u_kr78pjgz,邹松涛,u_kr78pjgz@xxai.com,F2pM9F2ya5K8,765079
u_enc7ad11,れん,u_enc7ad11@xxai.com,UMADJFXxuZ4A,281441
u_aa3gly97,黄玉龙,u_aa3gly97@xxai.com,27ybero4U3Fh,178489
u_bgmw8y8y,EvanRider,u_bgmw8y8y@xxai.com,46rHS8izjdrg,52533
u_5hh0j3h7,雪月花,u_5hh0j3h7@xxai.com,4XRoY1MgXen7,574231
u_860631k0,ZoeWalker,u_860631k0@xxai.com,Wqtqq87i66Hg,421379
u_4fsc8ph5,曹浅夏,u_4fsc8ph5@xxai.com,QtXC6k3q87t6,106727
u_ajr2jjj7,梁荷叶,u_ajr2jjj7@xxai.com,CGf2dXFUh6Nb,868846
u_70o6jdt6,アカ★,u_70o6jdt6@xxai.com,7wgTf3gMdpbL,375382
u_ck1oblun,秦金风,u_ck1oblun@xxai.com,UnoHFg8Jwqcm,574991
u_8sjklieq,毛柠檬,u_8sjklieq@xxai.com,QdTEFPixEY6Z,304677
u_eluvoixn,Wild_Eagle,u_eluvoixn@xxai.com,KALThbjBq2N9,298803
u_ap0a1q9p,SkyKind,u_ap0a1q9p@xxai.com,9RySxiSiXKfp,963240
u_93bbogjd,WildAnt,u_93bbogjd@xxai.com,QMUMeazNCiAo,798879
u_yefxcqw2,LeoSinger,u_yefxcqw2@xxai.com,VdzrD43csLku,383848
u_bkz00jcp,武素年,u_bkz00jcp@xxai.com,7YCxBta3rkM4,845485
u_c2jxm641,尹雪舞,u_c2jxm641@xxai.com,D2HE9htyyVT7,895970
u_43kxeb9r,龚银河,u_43kxeb9r@xxai.com,4gxZPsBCUkF3,433499
u_bnrcarmm,けんた,u_bnrcarmm@xxai.com,B7Y7bEJTBdms,292600
u_1e7uevjy,FinnWild,u_1e7uevjy@xxai.com,4XQyne7WDSLM,921142
u_1qhc7iya,あい,u_1qhc7iya@xxai.com,8RZA6HztuZyc,90237
u_elvrydos,霧の魚,u_elvrydos@xxai.com,QMT8g5QqyxhT,412600
u_eslw4vou,武清欢,u_eslw4vou@xxai.com,9Wbk6sHDFXYs,84541
u_3si6moq5,冯碎玉,u_3si6moq5@xxai.com,VpsyFRqdn3qc,23041
u_99gkckq1,BlakeMoon,u_99gkckq1@xxai.com,JYAu9oQ69Ga5,954381
u_15jg7ymw,GraceFisher,u_15jg7ymw@xxai.com,VUpVZSjY111x,173463
u_6bd4s7cv,OpalPlayer,u_6bd4s7cv@xxai.com,Ky5Jrnh7wNkE,230478
u_6zq49mbl,高兰心,u_6zq49mbl@xxai.com,EQKNpkhaY3XQ,114364
u_ezwor8k6,曹锦时,u_ezwor8k6@xxai.com,RLaz77SFkZJh,280071
u_1yhxj4wv,森の精,u_1yhxj4wv@xxai.com,FTs4nreZRNAX,942383
u_5el8dcxq,静かな人,u_5el8dcxq@xxai.com,M9MS7yksCPXH,999181
u_a39lbljw,夜の魔女,u_a39lbljw@xxai.com,HzuKzqWyoogX,305420
u_5zrf9g1f,夏の守人,u_5zrf9g1f@xxai.com,XyFukQR2ydn2,123671
u_1kfctc27,秋の勇者,u_1kfctc27@xxai.com,5LZUgUxYkbzr,488813
u_51cc53v6,DawnFire,u_51cc53v6@xxai.com,DeGfHN7MqpbB,561663
u_5c08i83h,杜月华,u_5c08i83h@xxai.com,4bkieB4DVZsR,852899
u_drfzol0h,石奔雷,u_drfzol0h@xxai.com,fcfSmpbGLzME,176836
u_916wgmoi,星の守人,u_916wgmoi@xxai.com,AGTCS3bXGYaH,962242
u_9olxv3e2,段追光,u_9olxv3e2@xxai.com,5BU4ycgPo22X,882915
u_3a3x1bc6,AveryDancer,u_3a3x1bc6@xxai.com,GG9ZA4m9oxJb,232547
u_dfjumwqk,東京っ子,u_dfjumwqk@xxai.com,SZtpP6ZgvjQC,873216
u_7gtucikm,海の人魚,u_7gtucikm@xxai.com,Mfi2E845rM2Y,208754
u_d0as23ne,余映雪,u_d0as23ne@xxai.com,X6EGZ4D3J6aN,350491
u_5zjd7xbn,孙花落,u_5zjd7xbn@xxai.com,LA9f3rLyE5go,803022
u_2jd0epb9,袁初晴,u_2jd0epb9@xxai.com,GHp4A3Q6V7aL,257188
u_apeplixi,深い海,u_apeplixi@xxai.com,QUFyguJoKz5U,914042
u_9yru41sd,程星辰,u_9yru41sd@xxai.com,DVPbmtXXPuKZ,343088
u_f2edoktt,董海角,u_f2edoktt@xxai.com,5sxNb1DWzpxv,693964
u_2xwfp4i1,段奔雷,u_2xwfp4i1@xxai.com,9M4gDWaUqUK9,12173
u_87u36a3k,IvyBright,u_87u36a3k@xxai.com,MZs7xoqmcbHF,552680
u_8qvzlt5p,邓长安,u_8qvzlt5p@xxai.com,9sogV6xmqWba,602334
u_8b7l336q,赵追光,u_8b7l336q@xxai.com,GPFHY72YVBkt,982156
u_epcbhf08,胡浅笑,u_epcbhf08@xxai.com,GEhHWpXcUZ2s,498165
u_9a9moqg6,易芒果,u_9a9moqg6@xxai.com,JS1dGmMHrhSV,891542
u_bb73guxf,RainyAnt,u_bb73guxf@xxai.com,JJuo3Bv41dYr,754452
u_861gujvh,马春风,u_861gujvh@xxai.com,5zh4hgksPxW2,734579
u_6n4t3s8u,尹大白,u_6n4t3s8u@xxai.com,CmHg9sBR6jzd,325614
u_88llbbhr,奈良住み,u_88llbbhr@xxai.com,YNm26fGnqeUh,920668
u_4a4lbhem,夏半夏,u_4a4lbhem@xxai.com,VNYphiiNfCfC,261293
u_432jjow9,邱梦回,u_432jjow9@xxai.com,CjHSXGwdv3zX,902786
u_9n9k1mtd,康海角,u_9n9k1mtd@xxai.com,Mi6mj7aYJDPK,938037
u_dppbwnlg,NoahKing,u_dppbwnlg@xxai.com,9ku7eU4nEFDE,318418
u_2ss4fxl8,曹寻欢,u_2ss4fxl8@xxai.com,Wxooce9yK15Y,824124
u_r0mk7jq5,冬の兎,u_r0mk7jq5@xxai.com,2u97oyUYv7DJ,720686
u_7w3agjvz,魏天涯,u_7w3agjvz@xxai.com,B5ief9x5UiF1,366607
u_bml0ezj5,春の王子,u_bml0ezj5@xxai.com,PHqgUktBdG8e,292241
u_xtrgo09e,GraceQueen,u_xtrgo09e@xxai.com,7fvdj1b1Uxd3,202546
u_dk10ld3s,HappyFish,u_dk10ld3s@xxai.com,Xk5SVppVKWjg,226550
u_eo7gdq22,孙绿野,u_eo7gdq22@xxai.com,8x5GXybghBSs,933634
u_ahtzk7x6,谢星辰,u_ahtzk7x6@xxai.com,BnTDkbmCpgoX,62291
u_esnh8jl4,高冬雪,u_esnh8jl4@xxai.com,VWkXkHsjKC5p,832774
u_30v52aui,许月华,u_30v52aui@xxai.com,R6roDmWZXEJc,187692
u_cycp780m,孙莲语,u_cycp780m@xxai.com,3Pmfrbjv3Q9Z,610681
u_dpty6842,熊如初,u_dpty6842@xxai.com,BJ2NenQhZZUA,997462
u_b7603fd5,椿,u_b7603fd5@xxai.com,9CJrqMVinzFB,312705
u_7akfs4he,程似锦,u_7akfs4he@xxai.com,DcjaFFaNmE1F,643436
u_1a46cym2,侯梦回,u_1a46cym2@xxai.com,5tLeoYiTSozt,439020
u_79qxic7y,LilyWild,u_79qxic7y@xxai.com,Wp68BeuZUtcc,605569
u_1azq39bs,まったり屋,u_1azq39bs@xxai.com,HbnuctESSvbZ,812099
u_ahs702he,MiaSeeker,u_ahs702he@xxai.com,LvvhTEfBtDSa,206462
u_58dh36lr,冬の人魚,u_58dh36lr@xxai.com,LSdr325W88YH,179007
u_ci7pc8f6,昼の犬,u_ci7pc8f6@xxai.com,J7Cu6KBUrTT2,991366
u_d7myta8p,摘星人,u_d7myta8p@xxai.com,RSutaCFYqtt2,146516
u_1lpxfnqu,FinnSinger,u_1lpxfnqu@xxai.com,WpimjFSSUPjr,238343
u_c8b2ztd8,花の子,u_c8b2ztd8@xxai.com,UUzmqHXT6k7v,122030
u_bka3j100,花の勇者,u_bka3j100@xxai.com,BcptXmBVByHB,232272
u_63gvymyu,夏柠檬,u_63gvymyu@xxai.com,Y6bvHqq4QQkR,502105
u_6tpm99e5,NovaSeeker,u_6tpm99e5@xxai.com,6pNdv1wb5bjy,512933
u_5svvvvpr,VioletQueen,u_5svvvvpr@xxai.com,2YdUAhQr8qmp,841815
u_f2z3ifd7,IrisSeeker,u_f2z3ifd7@xxai.com,PYXX29CMgtdt,377200
u_a8xi2hkj,BlakeTrue,u_a8xi2hkj@xxai.com,TU4CKSRrgy8V,67868
u_v3n9rt9z,周彩虹,u_v3n9rt9z@xxai.com,3hGNTCpY4kSZ,471778
u_3gclx7ty,真夜中,u_3gclx7ty@xxai.com,uPAQH7jK4g7U,105208
u_5qxp4p3z,SethLight,u_5qxp4p3z@xxai.com,TaoGXNuUzFhS,87158
u_8atmy6wd,SnowHill,u_8atmy6wd@xxai.com,UURf15Fm5C8w,946681
u_dcxt7j76,龚如初,u_dcxt7j76@xxai.com,Gh3wCRob58ej,288668
u_5pzt2ai7,霧の騎士,u_5pzt2ai7@xxai.com,6ofUNCe599bV,88812
u_9t97r6xb,邵追光,u_9t97r6xb@xxai.com,3hrqDj4yXf1N,933721
u_b6trwphq,顾未央,u_b6trwphq@xxai.com,2MhZg4Z8g4JG,603441
u_brb77bkw,ZoeBrave,u_brb77bkw@xxai.com,WAGPo3GzHXAd,721270
u_104qu52n,郝竹风,u_104qu52n@xxai.com,YNJMFCHsksvB,113015
u_1a6bp679,钱蓝莓,u_1a6bp679@xxai.com,BCCtuhpYcMKa,357843
u_caow2ogy,陈紫霞,u_caow2ogy@xxai.com,HnLvmHWP9uoX,290062
u_8m8rrg6y,冯温柔,u_8m8rrg6y@xxai.com,5JGJXkBLWXVV,569574
u_5crxansl,孟未央,u_5crxansl@xxai.com,NSGoUUDSQTA3,923836
u_blam9ubf,花の守人,u_blam9ubf@xxai.com,K57D1tJqCeC5,244013
u_1lpnbpvd,LilyMaker,u_1lpnbpvd@xxai.com,HN6GSE2vZcWi,915591
u_f5bnq5i8,胡流年,u_f5bnq5i8@xxai.com,6kYVYexGM1tB,681489
u_cguhb7gc,易柠檬,u_cguhb7gc@xxai.com,5xCk3aFwWDck,816114
u_6pnx5csz,雪の鳥,u_6pnx5csz@xxai.com,Bs5sMoL7EYMu,951774
u_a8e1g2gg,EmmaMaker,u_a8e1g2gg@xxai.com,QyEWymoKNwcw,865952
u_bixj2ale,常素年,u_bixj2ale@xxai.com,Qos3QSmSoMtx,774739
u_7z6qn9qf,ヤマ,u_7z6qn9qf@xxai.com,KPysj6DxF82j,104884
u_blkj7qrh,FinnSeeker,u_blkj7qrh@xxai.com,RPR9dCrotRhn,913298
u_bg87hnmb,花の鳥,u_bg87hnmb@xxai.com,95rGyDBZuj4R,855371
u_e431ebim,雪の魚,u_e431ebim@xxai.com,7ocoXCjPrKzr,229475
u_b5do0tdr,EmmaQueen,u_b5do0tdr@xxai.com,E4pkKeBPygsu,521880
u_2c0a4evj,神戸っ子,u_2c0a4evj@xxai.com,3Sh3eCfJT74s,421989
u_6hblq0yi,CharlieWalker,u_6hblq0yi@xxai.com,TAKoRkk22Axg,289546
u_efaafpgp,EmmaKing,u_efaafpgp@xxai.com,HLpDzmEgYjew,273137
u_a0r1o00x,熊梅香,u_a0r1o00x@xxai.com,XjazJLJLXdF9,795697
u_e8ey54x1,JaceKeeper,u_e8ey54x1@xxai.com,P7NZdN5ekL3V,938181
u_2nopdy1m,BrookPrince,u_2nopdy1m@xxai.com,WZAW9qhiS8A5,747818
u_ci1uu4lo,萧微澜,u_ci1uu4lo@xxai.com,Gn2ixiKxJ7FL,202843
u_ekf5j3q3,夏の天使,u_ekf5j3q3@xxai.com,CUXYsA8NNhaD,683353
u_1altehxa,钟清欢,u_1altehxa@xxai.com,5foYHZQcBuX7,92763
u_9bcpbg2m,Epic_Cat,u_9bcpbg2m@xxai.com,Vy9RMP4AD751,753439
u_e9c5iex8,赵心动,u_e9c5iex8@xxai.com,9oB74fHuQ2xk,852414
u_h2h81d9t,夢の姫,u_h2h81d9t@xxai.com,6fBiCdipUC8Y,878370
u_199kcvm8,ユキ★,u_199kcvm8@xxai.com,Cud7ihvgYykc,813190
u_4e5fcnn5,虹色,u_4e5fcnn5@xxai.com,9xjyUgwBv9ki,679814
u_9ubq1oq3,WrenFree,u_9ubq1oq3@xxai.com,GU21cC9wEs3C,721943
u_2thzxmsa,RoseQueen,u_2thzxmsa@xxai.com,NucXJsWt49Ur,637384
u_3wcdycjr,赖荷叶,u_3wcdycjr@xxai.com,GWUvhzFo2mi1,580811
u_es7m4w4v,雪の子,u_es7m4w4v@xxai.com,JoeVEr9ch75V,347575
u_f4uzt4nu,OpalSky,u_f4uzt4nu@xxai.com,CPHcWSS9aBvK,481640
u_7ww2b8rs,RobinBrave,u_7ww2b8rs@xxai.com,WgXpmanHa6U6,480749
u_6wyq2qs7,風の魔女,u_6wyq2qs7@xxai.com,4cmZqwVK4CJi,611102
u_7ebbaep9,卢心动,u_7ebbaep9@xxai.com,Vb4THZd3Zu6L,539233
u_c04mk5ir,秋の精,u_c04mk5ir@xxai.com,6huK82WSL1fb,476534
u_7x3v5snu,夏玉米,u_7x3v5snu@xxai.com,C2eXzpc2bJfe,366046
u_c8lul9z0,SnowBright,u_c8lul9z0@xxai.com,63Xx5yZFE3VZ,370499
u_5knf2ulh,TinyShark,u_5knf2ulh@xxai.com,BuQsodEhW8ZN,215934
u_2jzl553l,RyanFree,u_2jzl553l@xxai.com,bKLk6r1yXFnd,955607
u_bbzgwupc,月の猫,u_bbzgwupc@xxai.com,5jNy5KwQTXg7,115728
u_9rq68jox,NovaBaker,u_9rq68jox@xxai.com,MyQbv7BEjfJz,760250
u_6v64of71,方竹风,u_6v64of71@xxai.com,RwiAYDh7qaGu,496175
u_9e4yw8jf,月光,u_9e4yw8jf@xxai.com,4bkc5sC3314z,733779
u_42s70y1e,雀,u_42s70y1e@xxai.com,9NCx9F7Ewwaq,121993
u_1e1yob4k,BrightFrog,u_1e1yob4k@xxai.com,VyhpWEz5r8hL,799009
u_b022qj5i,虹の姫,u_b022qj5i@xxai.com,HsU1A9wLf7kc,125242
u_elv9s995,许深秋,u_elv9s995@xxai.com,Rpnxrkwq3VTV,488902
u_d618k7lu,DawnSmith,u_d618k7lu@xxai.com,3r5SEB25VxG9,458462
u_8yfnu8ry,韩蓝莓,u_8yfnu8ry@xxai.com,K2T912QcuKn5,28455
u_8z6ir52j,芍薬,u_8z6ir52j@xxai.com,SUWMpCujFoJh,99394
u_7o24xfla,HopePrince,u_7o24xfla@xxai.com,MWktq2F9HDhz,975150
u_6bi4l0p8,彭兰心,u_6bi4l0p8@xxai.com,N6JJP17Br2Ms,414532
u_19uvnn02,RoseCook,u_19uvnn02@xxai.com,6nk5bNCyqBGE,577751
u_ch48pays,爱吃烧烤的小兔,u_ch48pays@xxai.com,5P4wJif38ZbN,361934
u_8rjo034z,雪の住人,u_8rjo034z@xxai.com,6fote9t14sZ1,227367
u_a6a330y1,熊莲语,u_a6a330y1@xxai.com,WXsTrKCaubqX,429072
u_i273ehbh,CedarKeeper,u_i273ehbh@xxai.com,Wew3ANUZPr8p,50589
u_b7i04xrt,戴追光,u_b7i04xrt@xxai.com,LdGD1ExViHGX,66965
u_a8ch9rr8,BrookSeeker,u_a8ch9rr8@xxai.com,RsXyTjNGU4dq,806663
u_akz36mtu,何梦回,u_akz36mtu@xxai.com,WBmfDepCy6fw,349313
u_56wta8tx,EvanPainter,u_56wta8tx@xxai.com,9CRZkKwEY56w,754638
u_4dtf8qs2,HappyDog,u_4dtf8qs2@xxai.com,KmYnCA5MLQoq,978937
u_7olnktwe,神戸住み,u_7olnktwe@xxai.com,KWLJ9dUFxGV5,101069
u_d83b4zyy,赵惊鸿,u_d83b4zyy@xxai.com,chz1HAN4f2rq,706895
u_ajlpg95a,雪月,u_ajlpg95a@xxai.com,Wwn6GYwDzwrg,268981
u_3yqrji36,風の猫,u_3yqrji36@xxai.com,8GWBpeS2RWQA,504164
u_5ihqjosh,WildBear,u_5ihqjosh@xxai.com,SW9FaeQhEFb9,516270
u_8t3ejc0e,ゆい,u_8t3ejc0e@xxai.com,FKtztD9o36cQ,610202
u_99xydcl4,马夏雨,u_99xydcl4@xxai.com,Wo3KXjVK4ZeK,151359
u_4wds80gu,SamStone,u_4wds80gu@xxai.com,JwykDnLNxR51,122778
u_8h82avt3,MiaKnight,u_8h82avt3@xxai.com,AEfxp5ncQZ1N,761695
u_7mqwa8dr,田梦回,u_7mqwa8dr@xxai.com,UE53HMb32VFC,134615
u_1uvh1fxv,郑小鹿,u_1uvh1fxv@xxai.com,Y7n6Q8JTpUPE,108276
u_c4x31auc,SethBright,u_c4x31auc@xxai.com,6qEkD2truDiE,135108
u_6sfb7814,夜の精,u_6sfb7814@xxai.com,QN7KCxw5E3HC,612267
u_3lk07u3j,陆带露,u_3lk07u3j@xxai.com,4YQaF5vz7rQc,59071
u_8vsaul49,AlexMoon,u_8vsaul49@xxai.com,RU6YBtLWHmSy,877341
u_2nufdul9,月の王子,u_2nufdul9@xxai.com,HNMt6ShUG7r2,440470
u_dmltq1xf,宋糖果,u_dmltq1xf@xxai.com,JR6hecvczXLB,138628
u_54p29fco,秋の旅人,u_54p29fco@xxai.com,FVEuGXApbiXG,963104
u_6tlps7s6,ZoeStar,u_6tlps7s6@xxai.com,VDfM53BTqQyp,445527
u_d3xfdm9b,星の天使,u_d3xfdm9b@xxai.com,28LVAqr1t529,766615
u_8p3c8s99,FoxRiver,u_8p3c8s99@xxai.com,JGz2TEyHWqTt,703282
u_8hln5db9,NoahKind,u_8hln5db9@xxai.com,7cPHgbYd2WHN,32166
u_crmqij3n,CrystalRain,u_crmqij3n@xxai.com,W4Q89APhjqmZ,558477
u_b7gmz0hx,EdenSeeker,u_b7gmz0hx@xxai.com,RFRjDSgQw1y8,958881
u_ne751pw2,崔花落,u_ne751pw2@xxai.com,WSK8sdwHNcU7,815950
u_ezpfqfkd,邓浅夏,u_ezpfqfkd@xxai.com,4ftPdspQHsMc,21235
